{
  "type": "FeatureCollection",
  "metadata": {
    "datasetId": "manual-legislative-district-boundaries-2025",
    "electionYear": 2025,
    "coordinateReferenceSystem": "EPSG:4326",
    "coordinateOrder": [
      "longitude",
      "latitude"
    ],
    "purpose": "Manual Polygon or MultiPolygon boundaries for cities split across legislative districts.",
    "synchronization": "Run npm run data:sync:election-boundaries after regenerating the legislative district dataset. Existing geometry and manual properties are preserved."
  },
  "features": [
    {
      "type": "Feature",
      "id": "ld-2025-1380600000-1",
      "properties": {
        "legislativeDistrictId": "ld-2025-1380600000-1",
        "electionYear": 2025,
        "label": "City of Manila — 1st Legislative District",
        "regionCode": "1300000000",
        "regionName": "National Capital Region (NCR)",
        "jurisdictionCode": "1380600000",
        "jurisdictionName": "City of Manila",
        "jurisdictionType": "city",
        "localityCodes": [
          "1380600000"
        ],
        "localityNames": [
          "City of Manila"
        ],
        "boundaryStatus": "missing",
        "source": null,
        "sourceUrl": null,
        "notes": null
      },
      "geometry": null
    },
    {
      "type": "Feature",
      "id": "ld-2025-1380600000-2",
      "properties": {
        "legislativeDistrictId": "ld-2025-1380600000-2",
        "electionYear": 2025,
        "label": "City of Manila — 2nd Legislative District",
        "regionCode": "1300000000",
        "regionName": "National Capital Region (NCR)",
        "jurisdictionCode": "1380600000",
        "jurisdictionName": "City of Manila",
        "jurisdictionType": "city",
        "localityCodes": [
          "1380600000"
        ],
        "localityNames": [
          "City of Manila"
        ],
        "boundaryStatus": "missing",
        "source": null,
        "sourceUrl": null,
        "notes": null
      },
      "geometry": null
    },
    {
      "type": "Feature",
      "id": "ld-2025-1380600000-3",
      "properties": {
        "legislativeDistrictId": "ld-2025-1380600000-3",
        "electionYear": 2025,
        "label": "City of Manila — 3rd Legislative District",
        "regionCode": "1300000000",
        "regionName": "National Capital Region (NCR)",
        "jurisdictionCode": "1380600000",
        "jurisdictionName": "City of Manila",
        "jurisdictionType": "city",
        "localityCodes": [
          "1380600000"
        ],
        "localityNames": [
          "City of Manila"
        ],
        "boundaryStatus": "missing",
        "source": null,
        "sourceUrl": null,
        "notes": null
      },
      "geometry": null
    },
    {
      "type": "Feature",
      "id": "ld-2025-1380600000-4",
      "properties": {
        "legislativeDistrictId": "ld-2025-1380600000-4",
        "electionYear": 2025,
        "label": "City of Manila — 4th Legislative District",
        "regionCode": "1300000000",
        "regionName": "National Capital Region (NCR)",
        "jurisdictionCode": "1380600000",
        "jurisdictionName": "City of Manila",
        "jurisdictionType": "city",
        "localityCodes": [
          "1380600000"
        ],
        "localityNames": [
          "City of Manila"
        ],
        "boundaryStatus": "missing",
        "source": null,
        "sourceUrl": null,
        "notes": null
      },
      "geometry": null
    },
    {
      "type": "Feature",
      "id": "ld-2025-1380600000-5",
      "properties": {
        "legislativeDistrictId": "ld-2025-1380600000-5",
        "electionYear": 2025,
        "label": "City of Manila — 5th Legislative District",
        "regionCode": "1300000000",
        "regionName": "National Capital Region (NCR)",
        "jurisdictionCode": "1380600000",
        "jurisdictionName": "City of Manila",
        "jurisdictionType": "city",
        "localityCodes": [
          "1380600000"
        ],
        "localityNames": [
          "City of Manila"
        ],
        "boundaryStatus": "missing",
        "source": null,
        "sourceUrl": null,
        "notes": null
      },
      "geometry": null
    },
    {
      "type": "Feature",
      "id": "ld-2025-1380600000-6",
      "properties": {
        "legislativeDistrictId": "ld-2025-1380600000-6",
        "electionYear": 2025,
        "label": "City of Manila — 6th Legislative District",
        "regionCode": "1300000000",
        "regionName": "National Capital Region (NCR)",
        "jurisdictionCode": "1380600000",
        "jurisdictionName": "City of Manila",
        "jurisdictionType": "city",
        "localityCodes": [
          "1380600000"
        ],
        "localityNames": [
          "City of Manila"
        ],
        "boundaryStatus": "missing",
        "source": null,
        "sourceUrl": null,
        "notes": null
      },
      "geometry": null
    },
    {
      "type": "Feature",
      "id": "ld-2025-1381300000-1",
      "properties": {
        "legislativeDistrictId": "ld-2025-1381300000-1",
        "electionYear": 2025,
        "label": "Quezon City — 1st Legislative District",
        "regionCode": "1300000000",
        "regionName": "National Capital Region (NCR)",
        "jurisdictionCode": "1381300000",
        "jurisdictionName": "Quezon City",
        "jurisdictionType": "city",
        "localityCodes": [
          "1381300000"
        ],
        "localityNames": [
          "Quezon City"
        ],
        "boundaryStatus": "verified",
        "source": "Wikipedia contributors",
        "sourceUrl": "https://en.wikipedia.org/wiki/Quezon_City%27s_1st_congressional_district",
        "notes": "Geometry derived from the Wikipedia interactive map and cross-checked against the Quezon City Planning and Development Department district-barangay map: https://qcpl.quezoncity.gov.ph/libros/49137"
      },
      "geometry": {
        "type": "Polygon",
        "coordinates": [
          [
            [
              121.05246646014992,
              14.653923289949965
            ],
            [
              121.0523812,
              14.6540712
            ],
            [
              121.0523932,
              14.654199
            ],
            [
              121.0523524,
              14.6543408
            ],
            [
              121.0522563,
              14.6544384
            ],
            [
              121.0514323,
              14.6546809
            ],
            [
              121.0512785,
              14.6547553
            ],
            [
              121.0508797,
              14.6553944
            ],
            [
              121.0502743,
              14.655994
            ],
            [
              121.0496985,
              14.656238
            ],
            [
              121.0491604,
              14.6566052
            ],
            [
              121.0486343,
              14.6570375
            ],
            [
              121.0485257,
              14.6572797
            ],
            [
              121.0480607,
              14.6577889
            ],
            [
              121.047848,
              14.6581506
            ],
            [
              121.0475359,
              14.658343
            ],
            [
              121.0473027,
              14.6586018
            ],
            [
              121.0471175,
              14.6587014
            ],
            [
              121.0467746,
              14.6586947
            ],
            [
              121.0464042,
              14.6596337
            ],
            [
              121.0462087,
              14.6597266
            ],
            [
              121.0460715,
              14.6596337
            ],
            [
              121.0459172,
              14.6597133
            ],
            [
              121.0460441,
              14.6599389
            ],
            [
              121.046243,
              14.6601944
            ],
            [
              121.0463219,
              14.6605561
            ],
            [
              121.0461778,
              14.6608348
            ],
            [
              121.0459858,
              14.6610173
            ],
            [
              121.0458829,
              14.6612495
            ],
            [
              121.04566,
              14.6612794
            ],
            [
              121.0454679,
              14.6611433
            ],
            [
              121.0453273,
              14.6609509
            ],
            [
              121.0450907,
              14.6610305
            ],
            [
              121.0447889,
              14.6615382
            ],
            [
              121.0447546,
              14.6616842
            ],
            [
              121.0447717,
              14.6619529
            ],
            [
              121.0451696,
              14.662548
            ],
            [
              121.0453548,
              14.6627736
            ],
            [
              121.0453205,
              14.6630025
            ],
            [
              121.0450838,
              14.6632414
            ],
            [
              121.0450221,
              14.6638419
            ],
            [
              121.0449775,
              14.6639713
            ],
            [
              121.0448712,
              14.6640974
            ],
            [
              121.04483,
              14.664197
            ],
            [
              121.0447992,
              14.6644591
            ],
            [
              121.0448335,
              14.6645619
            ],
            [
              121.0447992,
              14.6646847
            ],
            [
              121.0446208,
              14.6647942
            ],
            [
              121.0443465,
              14.6647942
            ],
            [
              121.0442539,
              14.6648273
            ],
            [
              121.044055,
              14.6650496
            ],
            [
              121.0437497,
              14.6651624
            ],
            [
              121.0435405,
              14.6652155
            ],
            [
              121.0434239,
              14.6652023
            ],
            [
              121.0431633,
              14.6663934
            ],
            [
              121.0431427,
              14.6665431
            ],
            [
              121.0432113,
              14.6681622
            ],
            [
              121.0434136,
              14.6733785
            ],
            [
              121.0430463,
              14.6733838
            ],
            [
              121.0429211,
              14.673318
            ],
            [
              121.0426898,
              14.6731443
            ],
            [
              121.0426409,
              14.6731153
            ],
            [
              121.0424994,
              14.6730706
            ],
            [
              121.0424014,
              14.6730864
            ],
            [
              121.0423606,
              14.6731127
            ],
            [
              121.0422572,
              14.6731285
            ],
            [
              121.0420069,
              14.67306
            ],
            [
              121.0416532,
              14.6729416
            ],
            [
              121.0413032,
              14.6726696
            ],
            [
              121.0409333,
              14.672665
            ],
            [
              121.0399003,
              14.672407
            ],
            [
              121.0398474,
              14.6718609
            ],
            [
              121.0398282,
              14.6715007
            ],
            [
              121.039773,
              14.6715007
            ],
            [
              121.0397177,
              14.6714286
            ],
            [
              121.0394943,
              14.6713612
            ],
            [
              121.0393357,
              14.6712009
            ],
            [
              121.039021,
              14.6715379
            ],
            [
              121.0389658,
              14.6716331
            ],
            [
              121.0388529,
              14.6717331
            ],
            [
              121.038752,
              14.6717679
            ],
            [
              121.038313,
              14.6721205
            ],
            [
              121.0381593,
              14.6722158
            ],
            [
              121.0380079,
              14.6726946
            ],
            [
              121.0379863,
              14.6727875
            ],
            [
              121.0366338,
              14.6722995
            ],
            [
              121.0356512,
              14.6718486
            ],
            [
              121.0351804,
              14.6728201
            ],
            [
              121.0350603,
              14.6730571
            ],
            [
              121.0348825,
              14.6732988
            ],
            [
              121.0342891,
              14.673817
            ],
            [
              121.0341234,
              14.6739727
            ],
            [
              121.0339384,
              14.6737404
            ],
            [
              121.0336525,
              14.6738891
            ],
            [
              121.0328598,
              14.6740332
            ],
            [
              121.0328117,
              14.6740332
            ],
            [
              121.0328045,
              14.6740727
            ],
            [
              121.0322952,
              14.6744817
            ],
            [
              121.0320069,
              14.6747257
            ],
            [
              121.0318964,
              14.6747001
            ],
            [
              121.0315745,
              14.6746095
            ],
            [
              121.0315048,
              14.6744492
            ],
            [
              121.0312214,
              14.6742958
            ],
            [
              121.0311829,
              14.674247
            ],
            [
              121.0311349,
              14.674233
            ],
            [
              121.0309427,
              14.6741215
            ],
            [
              121.0306953,
              14.6739635
            ],
            [
              121.0305175,
              14.6740982
            ],
            [
              121.0301547,
              14.673996
            ],
            [
              121.0294557,
              14.6742261
            ],
            [
              121.0287745,
              14.6736828
            ],
            [
              121.0282398,
              14.6741014
            ],
            [
              121.0280208,
              14.6744361
            ],
            [
              121.0277153,
              14.6744183
            ],
            [
              121.0273784,
              14.6743613
            ],
            [
              121.0273324,
              14.6743738
            ],
            [
              121.027279,
              14.6743702
            ],
            [
              121.0272643,
              14.6743471
            ],
            [
              121.0267729,
              14.6742812
            ],
            [
              121.0265299,
              14.6741761
            ],
            [
              121.0259409,
              14.6742206
            ],
            [
              121.0258312,
              14.6739848
            ],
            [
              121.0257687,
              14.6738174
            ],
            [
              121.025511,
              14.6739278
            ],
            [
              121.0253527,
              14.6737996
            ],
            [
              121.0253858,
              14.6737319
            ],
            [
              121.0253435,
              14.6736216
            ],
            [
              121.0253435,
              14.6735681
            ],
            [
              121.0250306,
              14.6732726
            ],
            [
              121.0248742,
              14.6731301
            ],
            [
              121.0248502,
              14.6730838
            ],
            [
              121.0247803,
              14.6727687
            ],
            [
              121.0247726,
              14.6727743
            ],
            [
              121.0247726,
              14.6723873
            ],
            [
              121.0246768,
              14.672191
            ],
            [
              121.0246261,
              14.6721338
            ],
            [
              121.0244993,
              14.6721229
            ],
            [
              121.0242796,
              14.6722237
            ],
            [
              121.0241894,
              14.6722374
            ],
            [
              121.0236288,
              14.6719785
            ],
            [
              121.0235386,
              14.6719076
            ],
            [
              121.0234626,
              14.6717277
            ],
            [
              121.0234569,
              14.6715533
            ],
            [
              121.0232131,
              14.670932
            ],
            [
              121.0231201,
              14.6707957
            ],
            [
              121.0228243,
              14.6705777
            ],
            [
              121.0222074,
              14.6702915
            ],
            [
              121.0220357,
              14.6701794
            ],
            [
              121.0215877,
              14.6700704
            ],
            [
              121.0209849,
              14.6700241
            ],
            [
              121.0205792,
              14.669956
            ],
            [
              121.0203538,
              14.6699287
            ],
            [
              121.0202242,
              14.6699587
            ],
            [
              121.0201144,
              14.6700023
            ],
            [
              121.0199425,
              14.6700214
            ],
            [
              121.0197002,
              14.6699914
            ],
            [
              121.0194974,
              14.6699151
            ],
            [
              121.0192467,
              14.6697788
            ],
            [
              121.0191593,
              14.669697
            ],
            [
              121.0189847,
              14.6692991
            ],
            [
              121.0188748,
              14.6691683
            ],
            [
              121.0184297,
              14.6687704
            ],
            [
              121.0180099,
              14.6683671
            ],
            [
              121.0179339,
              14.6683044
            ],
            [
              121.0178719,
              14.6681763
            ],
            [
              121.0173185,
              14.6675431
            ],
            [
              121.0171019,
              14.667394
            ],
            [
              121.0167021,
              14.6672127
            ],
            [
              121.0164251,
              14.6669398
            ],
            [
              121.0162585,
              14.6666538
            ],
            [
              121.016221,
              14.6664644
            ],
            [
              121.0163043,
              14.6661421
            ],
            [
              121.0164375,
              14.6660253
            ],
            [
              121.0165292,
              14.665989
            ],
            [
              121.0166166,
              14.6658682
            ],
            [
              121.0167332,
              14.6657916
            ],
            [
              121.0168373,
              14.6655902
            ],
            [
              121.0167874,
              14.6654451
            ],
            [
              121.0166541,
              14.6652961
            ],
            [
              121.0163043,
              14.6650302
            ],
            [
              121.0162085,
              14.6649134
            ],
            [
              121.0161752,
              14.6648167
            ],
            [
              121.0161192,
              14.6646918
            ],
            [
              121.0159985,
              14.6642688
            ],
            [
              121.0159443,
              14.6639183
            ],
            [
              121.0158028,
              14.6636725
            ],
            [
              121.0155529,
              14.663608
            ],
            [
              121.015328,
              14.6634026
            ],
            [
              121.0151989,
              14.6629634
            ],
            [
              121.0151948,
              14.6625686
            ],
            [
              121.0149824,
              14.6620811
            ],
            [
              121.0151115,
              14.6617306
            ],
            [
              121.0154571,
              14.6613157
            ],
            [
              121.0154363,
              14.6611988
            ],
            [
              121.0152364,
              14.6608645
            ],
            [
              121.0149407,
              14.6602521
            ],
            [
              121.01477,
              14.6597646
            ],
            [
              121.0146909,
              14.659261
            ],
            [
              121.0146451,
              14.659124
            ],
            [
              121.0146784,
              14.6588823
            ],
            [
              121.0149574,
              14.6583263
            ],
            [
              121.0150698,
              14.6580967
            ],
            [
              121.0157528,
              14.6573513
            ],
            [
              121.0157611,
              14.6572426
            ],
            [
              121.0156737,
              14.6570572
            ],
            [
              121.0154904,
              14.6569364
            ],
            [
              121.0153488,
              14.6568276
            ],
            [
              121.0152947,
              14.6566221
            ],
            [
              121.0150865,
              14.6562676
            ],
            [
              121.0150336,
              14.6560433
            ],
            [
              121.015045,
              14.6553361
            ],
            [
              121.0150374,
              14.6544815
            ],
            [
              121.0147671,
              14.6543084
            ],
            [
              121.014611,
              14.6541132
            ],
            [
              121.0144206,
              14.6537006
            ],
            [
              121.0140974,
              14.6519771
            ],
            [
              121.0137187,
              14.6501526
            ],
            [
              121.0133608,
              14.6496369
            ],
            [
              121.013041,
              14.6494748
            ],
            [
              121.0125727,
              14.6494306
            ],
            [
              121.0120854,
              14.6491875
            ],
            [
              121.0119788,
              14.6488486
            ],
            [
              121.0119902,
              14.6486644
            ],
            [
              121.0120854,
              14.6484471
            ],
            [
              121.0121845,
              14.6478717
            ],
            [
              121.0123026,
              14.6472971
            ],
            [
              121.012314,
              14.6467188
            ],
            [
              121.0121503,
              14.6463836
            ],
            [
              121.0120779,
              14.6460263
            ],
            [
              121.011819,
              14.6455695
            ],
            [
              121.0113888,
              14.6450243
            ],
            [
              121.0111299,
              14.6446854
            ],
            [
              121.0109243,
              14.6445565
            ],
            [
              121.0107416,
              14.644516
            ],
            [
              121.0105741,
              14.6446007
            ],
            [
              121.0101514,
              14.6447665
            ],
            [
              121.009489,
              14.6450722
            ],
            [
              121.0089521,
              14.6453301
            ],
            [
              121.0084686,
              14.645529
            ],
            [
              121.0080536,
              14.645459
            ],
            [
              121.0064926,
              14.6452601
            ],
            [
              121.0061364,
              14.6451659
            ],
            [
              121.0065438,
              14.6457295
            ],
            [
              121.007153,
              14.6461568
            ],
            [
              121.0074195,
              14.6467315
            ],
            [
              121.0072596,
              14.646982
            ],
            [
              121.0070349,
              14.6471735
            ],
            [
              121.0068941,
              14.6472619
            ],
            [
              121.006642,
              14.6479155
            ],
            [
              121.0067536,
              14.6481246
            ],
            [
              121.0067396,
              14.6482595
            ],
            [
              121.0064817,
              14.6484416
            ],
            [
              121.0063004,
              14.6489137
            ],
            [
              121.0060424,
              14.6488733
            ],
            [
              121.0058542,
              14.6487586
            ],
            [
              121.0048433,
              14.6486035
            ],
            [
              121.0046551,
              14.6492308
            ],
            [
              121.0047248,
              14.649595
            ],
            [
              121.0045714,
              14.6503977
            ],
            [
              121.0040542,
              14.6513297
            ],
            [
              121.0037265,
              14.6519098
            ],
            [
              121.0035313,
              14.6518154
            ],
            [
              121.0034477,
              14.652038
            ],
            [
              121.0034337,
              14.6521189
            ],
            [
              121.0036917,
              14.6523348
            ],
            [
              121.0037405,
              14.6526788
            ],
            [
              121.0039078,
              14.6530497
            ],
            [
              121.0040542,
              14.6538928
            ],
            [
              121.0039636,
              14.6541559
            ],
            [
              121.0037963,
              14.6542773
            ],
            [
              121.0035313,
              14.6544055
            ],
            [
              121.0031339,
              14.6550125
            ],
            [
              121.003127,
              14.6551339
            ],
            [
              121.0029736,
              14.6551609
            ],
            [
              121.0028481,
              14.6555319
            ],
            [
              121.002876,
              14.6557275
            ],
            [
              121.0031827,
              14.6559163
            ],
            [
              121.0032943,
              14.6561659
            ],
            [
              121.0032877,
              14.6564137
            ],
            [
              121.0030856,
              14.6566026
            ],
            [
              121.0031344,
              14.6567442
            ],
            [
              121.0034411,
              14.6568454
            ],
            [
              121.0037479,
              14.6570275
            ],
            [
              121.0037409,
              14.657412
            ],
            [
              120.9991395,
              14.6573108
            ],
            [
              120.9989469,
              14.656826
            ],
            [
              120.9986923,
              14.6565551
            ],
            [
              120.9981152,
              14.6557932
            ],
            [
              120.997539,
              14.6548417
            ],
            [
              120.9974951,
              14.6548507
            ],
            [
              120.9974904,
              14.6548193
            ],
            [
              120.9973539,
              14.6544969
            ],
            [
              120.9971248,
              14.6540156
            ],
            [
              120.9963141,
              14.6523041
            ],
            [
              120.9960564,
              14.6516899
            ],
            [
              120.9959315,
              14.6515122
            ],
            [
              120.9955717,
              14.6507029
            ],
            [
              120.9951156,
              14.6494899
            ],
            [
              120.9948084,
              14.6486328
            ],
            [
              120.9946533,
              14.6482674
            ],
            [
              120.9942976,
              14.6474827
            ],
            [
              120.9938792,
              14.6465867
            ],
            [
              120.9936123,
              14.6460146
            ],
            [
              120.9933673,
              14.6455313
            ],
            [
              120.9928859,
              14.6444768
            ],
            [
              120.9928844,
              14.6436668
            ],
            [
              120.9924828,
              14.6427691
            ],
            [
              120.9919152,
              14.6414553
            ],
            [
              120.9917632,
              14.6410641
            ],
            [
              120.9916849,
              14.6409246
            ],
            [
              120.9915877,
              14.6407276
            ],
            [
              120.9915454,
              14.6406275
            ],
            [
              120.9913465,
              14.6400231
            ],
            [
              120.9912682,
              14.6398098
            ],
            [
              120.9912914,
              14.6398019
            ],
            [
              120.9915402,
              14.6393862
            ],
            [
              120.9920034,
              14.6385409
            ],
            [
              120.9923302,
              14.6379399
            ],
            [
              120.9924825,
              14.6376295
            ],
            [
              120.9925967,
              14.6374308
            ],
            [
              120.9922215,
              14.6362528
            ],
            [
              120.9930245,
              14.63602
            ],
            [
              120.9925407,
              14.6345394
            ],
            [
              120.9920872,
              14.6331618
            ],
            [
              120.9915552,
              14.6315685
            ],
            [
              120.9901853,
              14.6273894
            ],
            [
              120.9898519,
              14.6264199
            ],
            [
              120.9897746,
              14.6262312
            ],
            [
              120.9897157,
              14.6261635
            ],
            [
              120.9897378,
              14.6260603
            ],
            [
              120.9897125,
              14.6259411
            ],
            [
              120.9897547,
              14.6258011
            ],
            [
              120.9903929,
              14.6253065
            ],
            [
              120.9909155,
              14.6248748
            ],
            [
              120.9915124,
              14.6244042
            ],
            [
              120.9971894,
              14.6200442
            ],
            [
              120.9978648,
              14.6193816
            ],
            [
              120.9984268,
              14.618944
            ],
            [
              121.0009461,
              14.6170845
            ],
            [
              121.0022895,
              14.6183541
            ],
            [
              121.0046809,
              14.6204801
            ],
            [
              121.0082502,
              14.6237564
            ],
            [
              121.0120946,
              14.6271814
            ],
            [
              121.0469011,
              14.6501111
            ],
            [
              121.0469794,
              14.6503361
            ],
            [
              121.0466779,
              14.6509692
            ],
            [
              121.0464941,
              14.6519294
            ],
            [
              121.0465676,
              14.6528043
            ],
            [
              121.0470602,
              14.6536152
            ],
            [
              121.0478102,
              14.6542127
            ],
            [
              121.0488395,
              14.6543834
            ],
            [
              121.049707,
              14.654227
            ],
            [
              121.0505599,
              14.6537219
            ],
            [
              121.0511334,
              14.65316
            ],
            [
              121.0515671,
              14.6531315
            ],
            [
              121.0526332,
              14.6536223
            ],
            [
              121.05246646014992,
              14.653923289949965
            ]
          ]
        ]
      }
    },
    {
      "type": "Feature",
      "id": "ld-2025-1381300000-2",
      "properties": {
        "legislativeDistrictId": "ld-2025-1381300000-2",
        "electionYear": 2025,
        "label": "Quezon City — 2nd Legislative District",
        "regionCode": "1300000000",
        "regionName": "National Capital Region (NCR)",
        "jurisdictionCode": "1381300000",
        "jurisdictionName": "Quezon City",
        "jurisdictionType": "city",
        "localityCodes": [
          "1381300000"
        ],
        "localityNames": [
          "Quezon City"
        ],
        "boundaryStatus": "verified",
        "source": "Wikipedia contributors",
        "sourceUrl": "https://en.wikipedia.org/wiki/Quezon_City%27s_2nd_congressional_district",
        "notes": "Geometry derived from the Wikipedia interactive map and cross-checked against the Quezon City Planning and Development Department district-barangay map: https://qcpl.quezoncity.gov.ph/libros/49137"
      },
      "geometry": {
        "type": "Polygon",
        "coordinates": [
          [
            [
              121.0944751,
              14.7138581
            ],
            [
              121.0933361,
              14.7143445
            ],
            [
              121.0911173,
              14.7144447
            ],
            [
              121.0903629,
              14.7143016
            ],
            [
              121.0900523,
              14.7135577
            ],
            [
              121.0903333,
              14.7126563
            ],
            [
              121.0902742,
              14.7123416
            ],
            [
              121.0870939,
              14.7112399
            ],
            [
              121.0870051,
              14.7113973
            ],
            [
              121.0862507,
              14.7112399
            ],
            [
              121.0858957,
              14.7109967
            ],
            [
              121.0856442,
              14.7109967
            ],
            [
              121.0854815,
              14.7107391
            ],
            [
              121.0849786,
              14.7105675
            ],
            [
              121.084875,
              14.7103242
            ],
            [
              121.0831296,
              14.7096947
            ],
            [
              121.0818279,
              14.706032
            ],
            [
              121.0814238,
              14.7044186
            ],
            [
              121.0812742,
              14.7041508
            ],
            [
              121.0808959,
              14.7041542
            ],
            [
              121.08038,
              14.7042041
            ],
            [
              121.0795614,
              14.7041941
            ],
            [
              121.0771662,
              14.7041535
            ],
            [
              121.0767067,
              14.7038096
            ],
            [
              121.0761387,
              14.7035412
            ],
            [
              121.0751723,
              14.7033042
            ],
            [
              121.0746803,
              14.703034
            ],
            [
              121.0742096,
              14.703034
            ],
            [
              121.07424,
              14.7027872
            ],
            [
              121.0739424,
              14.7024654
            ],
            [
              121.0736877,
              14.7021879
            ],
            [
              121.0737068,
              14.7020618
            ],
            [
              121.0734015,
              14.7016753
            ],
            [
              121.0730844,
              14.701037
            ],
            [
              121.0730756,
              14.7010419
            ],
            [
              121.0728636,
              14.7005693
            ],
            [
              121.0728031,
              14.7002354
            ],
            [
              121.0721994,
              14.6981322
            ],
            [
              121.071525,
              14.6965675
            ],
            [
              121.0710422,
              14.6951872
            ],
            [
              121.0708989,
              14.6948494
            ],
            [
              121.0696028,
              14.6928867
            ],
            [
              121.0696028,
              14.6915392
            ],
            [
              121.0695583,
              14.6892465
            ],
            [
              121.0695501,
              14.6873363
            ],
            [
              121.0695254,
              14.6861591
            ],
            [
              121.0695011,
              14.6855673
            ],
            [
              121.0694789,
              14.6848564
            ],
            [
              121.0694109,
              14.6838248
            ],
            [
              121.0693849,
              14.6834865
            ],
            [
              121.0693576,
              14.6828695
            ],
            [
              121.0692921,
              14.6821931
            ],
            [
              121.0692904,
              14.6817962
            ],
            [
              121.0692399,
              14.6812427
            ],
            [
              121.0692156,
              14.6807735
            ],
            [
              121.0691317,
              14.6794677
            ],
            [
              121.0691096,
              14.6791767
            ],
            [
              121.0691159,
              14.6787966
            ],
            [
              121.0691109,
              14.6770511
            ],
            [
              121.0698058,
              14.6768307
            ],
            [
              121.0735546,
              14.6768537
            ],
            [
              121.0756822,
              14.6770733
            ],
            [
              121.0769334,
              14.6770733
            ],
            [
              121.0782025,
              14.6770733
            ],
            [
              121.0782086,
              14.6754477
            ],
            [
              121.0782106,
              14.6718411
            ],
            [
              121.0782288,
              14.6717569
            ],
            [
              121.0784008,
              14.6715748
            ],
            [
              121.0785041,
              14.6714729
            ],
            [
              121.0793357,
              14.6723458
            ],
            [
              121.0804539,
              14.6737674
            ],
            [
              121.0811941,
              14.6747392
            ],
            [
              121.082527,
              14.6768441
            ],
            [
              121.0826206,
              14.6770216
            ],
            [
              121.0835355,
              14.6770138
            ],
            [
              121.0886085,
              14.6769975
            ],
            [
              121.0886287,
              14.676974
            ],
            [
              121.088654,
              14.6745782
            ],
            [
              121.0886505,
              14.6743256
            ],
            [
              121.0894115,
              14.6742806
            ],
            [
              121.0899945,
              14.6742826
            ],
            [
              121.0913142,
              14.6742101
            ],
            [
              121.0919639,
              14.674137
            ],
            [
              121.0927048,
              14.6739569
            ],
            [
              121.094743,
              14.6735496
            ],
            [
              121.0962186,
              14.6734908
            ],
            [
              121.0958988,
              14.6724746
            ],
            [
              121.0958182,
              14.6722305
            ],
            [
              121.0961581,
              14.6719974
            ],
            [
              121.0961601,
              14.6713598
            ],
            [
              121.096675,
              14.6705169
            ],
            [
              121.0984134,
              14.6708577
            ],
            [
              121.0985514,
              14.6694111
            ],
            [
              121.0985989,
              14.6687828
            ],
            [
              121.0987261,
              14.6682151
            ],
            [
              121.0989234,
              14.6681574
            ],
            [
              121.0992454,
              14.6690666
            ],
            [
              121.0994063,
              14.6694081
            ],
            [
              121.0999178,
              14.6699381
            ],
            [
              121.1011173,
              14.6708121
            ],
            [
              121.1028188,
              14.6721415
            ],
            [
              121.1038111,
              14.6729641
            ],
            [
              121.1043433,
              14.6737578
            ],
            [
              121.1050204,
              14.6747082
            ],
            [
              121.106142,
              14.6754391
            ],
            [
              121.1073493,
              14.6764236
            ],
            [
              121.1079516,
              14.677177
            ],
            [
              121.1089909,
              14.6790091
            ],
            [
              121.1098076,
              14.6801732
            ],
            [
              121.1105401,
              14.6816234
            ],
            [
              121.1118113,
              14.6838212
            ],
            [
              121.1121125,
              14.6845972
            ],
            [
              121.1121851,
              14.6853256
            ],
            [
              121.1119541,
              14.686506
            ],
            [
              121.1116659,
              14.6877351
            ],
            [
              121.1112606,
              14.6890541
            ],
            [
              121.1112448,
              14.690947
            ],
            [
              121.1114258,
              14.6942044
            ],
            [
              121.1114401,
              14.6948355
            ],
            [
              121.1114238,
              14.6955288
            ],
            [
              121.1115383,
              14.6958517
            ],
            [
              121.1119801,
              14.6961556
            ],
            [
              121.1120848,
              14.696412
            ],
            [
              121.1121365,
              14.6968353
            ],
            [
              121.1124703,
              14.6975285
            ],
            [
              121.1126241,
              14.6977153
            ],
            [
              121.1132328,
              14.6978862
            ],
            [
              121.1132164,
              14.6978926
            ],
            [
              121.1136648,
              14.6980857
            ],
            [
              121.1139986,
              14.6979939
            ],
            [
              121.1141403,
              14.6998411
            ],
            [
              121.1145875,
              14.7026213
            ],
            [
              121.1148883,
              14.7048423
            ],
            [
              121.1170988,
              14.7210133
            ],
            [
              121.1170608,
              14.7216125
            ],
            [
              121.1173972,
              14.7233298
            ],
            [
              121.1175295,
              14.7243542
            ],
            [
              121.1177834,
              14.726207
            ],
            [
              121.1180541,
              14.7277925
            ],
            [
              121.1183393,
              14.7298303
            ],
            [
              121.1184376,
              14.7307753
            ],
            [
              121.1182178,
              14.7304272
            ],
            [
              121.1178223,
              14.7294013
            ],
            [
              121.1176701,
              14.7291092
            ],
            [
              121.11753,
              14.7287098
            ],
            [
              121.1173247,
              14.7280954
            ],
            [
              121.1172087,
              14.7279319
            ],
            [
              121.1170691,
              14.7278435
            ],
            [
              121.1162551,
              14.7275772
            ],
            [
              121.1149193,
              14.7270657
            ],
            [
              121.1134012,
              14.7263381
            ],
            [
              121.1131233,
              14.7261578
            ],
            [
              121.1125473,
              14.7251157
            ],
            [
              121.1123067,
              14.7246241
            ],
            [
              121.112327,
              14.7241915
            ],
            [
              121.1124761,
              14.7236245
            ],
            [
              121.1127472,
              14.7231657
            ],
            [
              121.112926,
              14.7228696
            ],
            [
              121.112987,
              14.7226992
            ],
            [
              121.1129192,
              14.7223551
            ],
            [
              121.1128006,
              14.7221552
            ],
            [
              121.1124753,
              14.7219192
            ],
            [
              121.1119636,
              14.7216406
            ],
            [
              121.1116011,
              14.721562
            ],
            [
              121.1104157,
              14.7215325
            ],
            [
              121.1101718,
              14.7215882
            ],
            [
              121.1098668,
              14.7217717
            ],
            [
              121.1095483,
              14.722011
            ],
            [
              121.1092873,
              14.7221748
            ],
            [
              121.10843,
              14.7225616
            ],
            [
              121.1076118,
              14.723003
            ],
            [
              121.1072327,
              14.7231647
            ],
            [
              121.1067979,
              14.7231917
            ],
            [
              121.1062738,
              14.7232133
            ],
            [
              121.1058613,
              14.7233373
            ],
            [
              121.1054933,
              14.7234505
            ],
            [
              121.1051421,
              14.7234397
            ],
            [
              121.1043504,
              14.7230299
            ],
            [
              121.1034863,
              14.7225069
            ],
            [
              121.1025385,
              14.7218706
            ],
            [
              121.1020591,
              14.721229
            ],
            [
              121.101709,
              14.7207901
            ],
            [
              121.101525,
              14.7206445
            ],
            [
              121.1011571,
              14.7206175
            ],
            [
              121.1006999,
              14.7206175
            ],
            [
              121.1003717,
              14.7205913
            ],
            [
              121.0999578,
              14.7203758
            ],
            [
              121.0997588,
              14.7200294
            ],
            [
              121.099727,
              14.7195906
            ],
            [
              121.0998862,
              14.7193366
            ],
            [
              121.1002841,
              14.7191672
            ],
            [
              121.1004512,
              14.7189979
            ],
            [
              121.1008094,
              14.7184201
            ],
            [
              121.1008651,
              14.7178197
            ],
            [
              121.1007139,
              14.7174425
            ],
            [
              121.1002443,
              14.7169344
            ],
            [
              121.0993051,
              14.7160261
            ],
            [
              121.0985968,
              14.7153948
            ],
            [
              121.0981033,
              14.7149715
            ],
            [
              121.0976895,
              14.714856
            ],
            [
              121.0966946,
              14.7148945
            ],
            [
              121.0958987,
              14.7147251
            ],
            [
              121.0952381,
              14.7142248
            ],
            [
              121.0947924,
              14.713863
            ],
            [
              121.094482,
              14.7138553
            ],
            [
              121.0944751,
              14.7138581
            ]
          ]
        ]
      }
    },
    {
      "type": "Feature",
      "id": "ld-2025-1381300000-3",
      "properties": {
        "legislativeDistrictId": "ld-2025-1381300000-3",
        "electionYear": 2025,
        "label": "Quezon City — 3rd Legislative District",
        "regionCode": "1300000000",
        "regionName": "National Capital Region (NCR)",
        "jurisdictionCode": "1381300000",
        "jurisdictionName": "Quezon City",
        "jurisdictionType": "city",
        "localityCodes": [
          "1381300000"
        ],
        "localityNames": [
          "Quezon City"
        ],
        "boundaryStatus": "verified",
        "source": "Wikipedia contributors",
        "sourceUrl": "https://en.wikipedia.org/wiki/Quezon_City%27s_3rd_congressional_district",
        "notes": "Geometry derived from the Wikipedia interactive map and cross-checked against the Quezon City Planning and Development Department district-barangay map: https://qcpl.quezoncity.gov.ph/libros/49137"
      },
      "geometry": {
        "type": "Polygon",
        "coordinates": [
          [
            [
              121.05725537414315,
              14.589393908902307
            ],
            [
              121.0628693,
              14.5907999
            ],
            [
              121.0677997,
              14.5919122
            ],
            [
              121.0695501,
              14.5930362
            ],
            [
              121.0698872,
              14.5933703
            ],
            [
              121.0704476,
              14.5934489
            ],
            [
              121.0747548,
              14.5928742
            ],
            [
              121.0773839,
              14.5924688
            ],
            [
              121.0784729,
              14.5921103
            ],
            [
              121.0829964,
              14.5903923
            ],
            [
              121.0827258,
              14.5925904
            ],
            [
              121.0825,
              14.5940495
            ],
            [
              121.0823711,
              14.5951782
            ],
            [
              121.082529,
              14.5970119
            ],
            [
              121.082523,
              14.5991776
            ],
            [
              121.0823788,
              14.601501
            ],
            [
              121.0823648,
              14.6024225
            ],
            [
              121.0827901,
              14.6030211
            ],
            [
              121.0835376,
              14.6033828
            ],
            [
              121.0846878,
              14.6032269
            ],
            [
              121.0855964,
              14.602781
            ],
            [
              121.0865662,
              14.6021014
            ],
            [
              121.0873369,
              14.6010613
            ],
            [
              121.0877719,
              14.5999326
            ],
            [
              121.0882038,
              14.5993709
            ],
            [
              121.0891192,
              14.5992739
            ],
            [
              121.0899611,
              14.5994161
            ],
            [
              121.0904756,
              14.599914
            ],
            [
              121.090362,
              14.6012589
            ],
            [
              121.0897339,
              14.6028625
            ],
            [
              121.0886715,
              14.6045889
            ],
            [
              121.0876278,
              14.6068423
            ],
            [
              121.0850954,
              14.6087497
            ],
            [
              121.0813029,
              14.6116805
            ],
            [
              121.0792099,
              14.6134159
            ],
            [
              121.0784409,
              14.6157545
            ],
            [
              121.0784288,
              14.6157641
            ],
            [
              121.0790461,
              14.6179638
            ],
            [
              121.0779797,
              14.6183627
            ],
            [
              121.0766509,
              14.6190437
            ],
            [
              121.0757647,
              14.6195429
            ],
            [
              121.0761054,
              14.6200111
            ],
            [
              121.0765022,
              14.6209051
            ],
            [
              121.0764849,
              14.621175
            ],
            [
              121.0761736,
              14.6222679
            ],
            [
              121.0757737,
              14.6230775
            ],
            [
              121.0755762,
              14.6233498
            ],
            [
              121.0750437,
              14.6237942
            ],
            [
              121.0752831,
              14.6239733
            ],
            [
              121.0749958,
              14.6256423
            ],
            [
              121.0746033,
              14.6272808
            ],
            [
              121.0743665,
              14.6286526
            ],
            [
              121.0756532,
              14.6289371
            ],
            [
              121.0769695,
              14.6295889
            ],
            [
              121.0774697,
              14.6309449
            ],
            [
              121.0774666,
              14.6315607
            ],
            [
              121.0774923,
              14.6320464
            ],
            [
              121.0777836,
              14.6324202
            ],
            [
              121.0777139,
              14.6325733
            ],
            [
              121.0777693,
              14.6327617
            ],
            [
              121.0782031,
              14.6326361
            ],
            [
              121.0783487,
              14.633111
            ],
            [
              121.0790517,
              14.6334418
            ],
            [
              121.079441,
              14.6336949
            ],
            [
              121.0797862,
              14.6343628
            ],
            [
              121.0793872,
              14.6344823
            ],
            [
              121.0803118,
              14.6359252
            ],
            [
              121.0806854,
              14.6362377
            ],
            [
              121.0806357,
              14.6365938
            ],
            [
              121.0808707,
              14.6367719
            ],
            [
              121.0814328,
              14.6369387
            ],
            [
              121.0817509,
              14.6369443
            ],
            [
              121.0818782,
              14.6375828
            ],
            [
              121.0820309,
              14.6383151
            ],
            [
              121.0809105,
              14.6383873
            ],
            [
              121.0814569,
              14.6391415
            ],
            [
              121.0814647,
              14.6394718
            ],
            [
              121.0816116,
              14.6397503
            ],
            [
              121.0817735,
              14.640018
            ],
            [
              121.0819889,
              14.6401165
            ],
            [
              121.0823561,
              14.6410355
            ],
            [
              121.0823659,
              14.6417439
            ],
            [
              121.08227,
              14.6419808
            ],
            [
              121.0823091,
              14.6421494
            ],
            [
              121.0821799,
              14.6421911
            ],
            [
              121.0822621,
              14.642426
            ],
            [
              121.082409,
              14.6423654
            ],
            [
              121.0825676,
              14.6426989
            ],
            [
              121.0831834,
              14.6434003
            ],
            [
              121.0830947,
              14.6439786
            ],
            [
              121.0836819,
              14.6439609
            ],
            [
              121.0844936,
              14.64362
            ],
            [
              121.084794,
              14.6435772
            ],
            [
              121.08541,
              14.6436984
            ],
            [
              121.0855352,
              14.6441201
            ],
            [
              121.0856058,
              14.6443422
            ],
            [
              121.0856998,
              14.6444508
            ],
            [
              121.0863966,
              14.6446023
            ],
            [
              121.087344,
              14.6448091
            ],
            [
              121.0876839,
              14.6448806
            ],
            [
              121.0875433,
              14.6458679
            ],
            [
              121.0882971,
              14.6459452
            ],
            [
              121.0895324,
              14.6468644
            ],
            [
              121.0883678,
              14.6480226
            ],
            [
              121.0877855,
              14.6485178
            ],
            [
              121.0877352,
              14.6489953
            ],
            [
              121.0868909,
              14.6493886
            ],
            [
              121.0868111,
              14.6502322
            ],
            [
              121.0866207,
              14.6515124
            ],
            [
              121.0871418,
              14.651343
            ],
            [
              121.087371,
              14.6512986
            ],
            [
              121.0874794,
              14.6513874
            ],
            [
              121.087346,
              14.6516132
            ],
            [
              121.0871042,
              14.6519681
            ],
            [
              121.0865885,
              14.6523266
            ],
            [
              121.0861217,
              14.6526048
            ],
            [
              121.0858424,
              14.6528549
            ],
            [
              121.0857632,
              14.652992
            ],
            [
              121.0858007,
              14.6533025
            ],
            [
              121.0859049,
              14.6536695
            ],
            [
              121.0861811,
              14.6545584
            ],
            [
              121.0855683,
              14.6548044
            ],
            [
              121.085585,
              14.6549415
            ],
            [
              121.085735,
              14.6554859
            ],
            [
              121.0859768,
              14.6561554
            ],
            [
              121.0860185,
              14.6562441
            ],
            [
              121.0860977,
              14.6562078
            ],
            [
              121.0865646,
              14.6557602
            ],
            [
              121.0868399,
              14.6566191
            ],
            [
              121.0875527,
              14.6573571
            ],
            [
              121.0883386,
              14.6566366
            ],
            [
              121.0884137,
              14.6565761
            ],
            [
              121.0885179,
              14.6568181
            ],
            [
              121.0890014,
              14.6573504
            ],
            [
              121.0909361,
              14.6593056
            ],
            [
              121.0913048,
              14.6597875
            ],
            [
              121.0912201,
              14.6601578
            ],
            [
              121.0912054,
              14.6605566
            ],
            [
              121.0915808,
              14.6611869
            ],
            [
              121.0932489,
              14.6630274
            ],
            [
              121.0935282,
              14.6633411
            ],
            [
              121.0937821,
              14.6644841
            ],
            [
              121.0941009,
              14.6646834
            ],
            [
              121.09501,
              14.6650395
            ],
            [
              121.0954487,
              14.6653904
            ],
            [
              121.0960339,
              14.6652622
            ],
            [
              121.0962878,
              14.6649428
            ],
            [
              121.096516,
              14.6648858
            ],
            [
              121.0965712,
              14.6646259
            ],
            [
              121.0968436,
              14.6641523
            ],
            [
              121.0979331,
              14.6637357
            ],
            [
              121.0983999,
              14.6652046
            ],
            [
              121.0987403,
              14.6664336
            ],
            [
              121.0988022,
              14.6678674
            ],
            [
              121.0984921,
              14.6697887
            ],
            [
              121.0984032,
              14.6708492
            ],
            [
              121.0966556,
              14.6705188
            ],
            [
              121.0961541,
              14.6713653
            ],
            [
              121.0961499,
              14.671993
            ],
            [
              121.0958056,
              14.6722373
            ],
            [
              121.0962148,
              14.6734832
            ],
            [
              121.0947397,
              14.6735553
            ],
            [
              121.0930811,
              14.6738829
            ],
            [
              121.0919632,
              14.6741469
            ],
            [
              121.0912849,
              14.6742126
            ],
            [
              121.0899956,
              14.6742872
            ],
            [
              121.0893911,
              14.6742812
            ],
            [
              121.0886416,
              14.6743319
            ],
            [
              121.0886229,
              14.6769659
            ],
            [
              121.0826206,
              14.6770145
            ],
            [
              121.0811924,
              14.6747342
            ],
            [
              121.0794956,
              14.6725471
            ],
            [
              121.0785172,
              14.6714827
            ],
            [
              121.0782219,
              14.6717684
            ],
            [
              121.0782087,
              14.672668
            ],
            [
              121.0782004,
              14.6770623
            ],
            [
              121.0757016,
              14.6770761
            ],
            [
              121.073528,
              14.6768541
            ],
            [
              121.0698066,
              14.6768266
            ],
            [
              121.0691119,
              14.6770573
            ],
            [
              121.0691531,
              14.6761591
            ],
            [
              121.0692042,
              14.6759697
            ],
            [
              121.0691603,
              14.6745407
            ],
            [
              121.0691073,
              14.6735796
            ],
            [
              121.068934,
              14.6729239
            ],
            [
              121.0687278,
              14.6721258
            ],
            [
              121.0685959,
              14.6719206
            ],
            [
              121.068614,
              14.6718305
            ],
            [
              121.0686088,
              14.6715402
            ],
            [
              121.068656,
              14.6693929
            ],
            [
              121.0687052,
              14.6690425
            ],
            [
              121.069101,
              14.668119
            ],
            [
              121.0697903,
              14.6667584
            ],
            [
              121.0704768,
              14.6653505
            ],
            [
              121.0687384,
              14.6642008
            ],
            [
              121.0662703,
              14.6625871
            ],
            [
              121.065846,
              14.6623068
            ],
            [
              121.0671272,
              14.6624597
            ],
            [
              121.071614,
              14.6630619
            ],
            [
              121.0727576,
              14.6632117
            ],
            [
              121.0734121,
              14.6632968
            ],
            [
              121.0740344,
              14.663388
            ],
            [
              121.0745612,
              14.6627654
            ],
            [
              121.0749448,
              14.6622626
            ],
            [
              121.0752473,
              14.661626
            ],
            [
              121.0758386,
              14.6604123
            ],
            [
              121.0761529,
              14.659794
            ],
            [
              121.0761971,
              14.659559
            ],
            [
              121.076164,
              14.6593753
            ],
            [
              121.0758836,
              14.6590848
            ],
            [
              121.0752675,
              14.6585251
            ],
            [
              121.0746581,
              14.6580039
            ],
            [
              121.0744373,
              14.6577198
            ],
            [
              121.074318,
              14.6574955
            ],
            [
              121.0743291,
              14.6571238
            ],
            [
              121.0743357,
              14.656391
            ],
            [
              121.0744045,
              14.6529493
            ],
            [
              121.075823,
              14.652966
            ],
            [
              121.0761771,
              14.6529665
            ],
            [
              121.0761944,
              14.6524252
            ],
            [
              121.0762372,
              14.6495533
            ],
            [
              121.0762469,
              14.6495546
            ],
            [
              121.0748643,
              14.6481683
            ],
            [
              121.0732046,
              14.6464018
            ],
            [
              121.0679945,
              14.6412048
            ],
            [
              121.0654064,
              14.6386193
            ],
            [
              121.0637704,
              14.6370599
            ],
            [
              121.0638466,
              14.6369106
            ],
            [
              121.0639475,
              14.6364148
            ],
            [
              121.0631771,
              14.6362304
            ],
            [
              121.0627463,
              14.6361421
            ],
            [
              121.0620108,
              14.635416
            ],
            [
              121.0617017,
              14.6351045
            ],
            [
              121.0614903,
              14.6352316
            ],
            [
              121.061407,
              14.6352672
            ],
            [
              121.0611684,
              14.6351541
            ],
            [
              121.0604957,
              14.6349713
            ],
            [
              121.0587331,
              14.6344828
            ],
            [
              121.0604874,
              14.6349737
            ],
            [
              121.0586999,
              14.6344874
            ],
            [
              121.0458988,
              14.6307596
            ],
            [
              121.0589115,
              14.6025936
            ],
            [
              121.0596137,
              14.6004678
            ],
            [
              121.0595417,
              14.600433
            ],
            [
              121.0598298,
              14.5983769
            ],
            [
              121.0594517,
              14.5961465
            ],
            [
              121.0586414,
              14.5939336
            ],
            [
              121.05725537414315,
              14.589393908902307
            ]
          ]
        ]
      }
    },
    {
      "type": "Feature",
      "id": "ld-2025-1381300000-4",
      "properties": {
        "legislativeDistrictId": "ld-2025-1381300000-4",
        "electionYear": 2025,
        "label": "Quezon City — 4th Legislative District",
        "regionCode": "1300000000",
        "regionName": "National Capital Region (NCR)",
        "jurisdictionCode": "1381300000",
        "jurisdictionName": "Quezon City",
        "jurisdictionType": "city",
        "localityCodes": [
          "1381300000"
        ],
        "localityNames": [
          "Quezon City"
        ],
        "boundaryStatus": "verified",
        "source": "Wikipedia contributors",
        "sourceUrl": "https://en.wikipedia.org/wiki/Quezon_City%27s_4th_congressional_district",
        "notes": "Geometry derived from the Wikipedia interactive map and cross-checked against the Quezon City Planning and Development Department district-barangay map: https://qcpl.quezoncity.gov.ph/libros/49137"
      },
      "geometry": {
        "type": "Polygon",
        "coordinates": [
          [
            [
              121.01954838823987,
              14.602805914593066
            ],
            [
              121.0200629,
              14.604348
            ],
            [
              121.0211033,
              14.6060716
            ],
            [
              121.0220436,
              14.6072685
            ],
            [
              121.0223718,
              14.6077676
            ],
            [
              121.0223249,
              14.6081406
            ],
            [
              121.0221061,
              14.6085948
            ],
            [
              121.0212934,
              14.609361
            ],
            [
              121.0213872,
              14.6094921
            ],
            [
              121.0220175,
              14.6105609
            ],
            [
              121.0230855,
              14.6120782
            ],
            [
              121.0231272,
              14.6126328
            ],
            [
              121.0233408,
              14.6136965
            ],
            [
              121.0236951,
              14.6138729
            ],
            [
              121.024216,
              14.6137418
            ],
            [
              121.024935,
              14.6134847
            ],
            [
              121.0251173,
              14.6130008
            ],
            [
              121.0252319,
              14.6126126
            ],
            [
              121.0255653,
              14.6123757
            ],
            [
              121.0264907,
              14.6123076
            ],
            [
              121.0275523,
              14.612396
            ],
            [
              121.0286357,
              14.6120508
            ],
            [
              121.0289272,
              14.6121223
            ],
            [
              121.0291839,
              14.6124044
            ],
            [
              121.0292317,
              14.6126991
            ],
            [
              121.0292665,
              14.6129265
            ],
            [
              121.0294232,
              14.6130528
            ],
            [
              121.0298365,
              14.6131833
            ],
            [
              121.0300975,
              14.613137
            ],
            [
              121.0304499,
              14.6129686
            ],
            [
              121.0307371,
              14.6129601
            ],
            [
              121.0309155,
              14.612897
            ],
            [
              121.0311069,
              14.6125054
            ],
            [
              121.0317191,
              14.6116424
            ],
            [
              121.0320889,
              14.611394
            ],
            [
              121.0327998,
              14.6108116
            ],
            [
              121.0334698,
              14.6099401
            ],
            [
              121.0339528,
              14.6095149
            ],
            [
              121.0348336,
              14.6093839
            ],
            [
              121.0353209,
              14.6088071
            ],
            [
              121.0355515,
              14.6086976
            ],
            [
              121.0361215,
              14.608685
            ],
            [
              121.0363564,
              14.6086808
            ],
            [
              121.0368089,
              14.6085082
            ],
            [
              121.0369046,
              14.6084198
            ],
            [
              121.0368829,
              14.6079945
            ],
            [
              121.0370264,
              14.607624
            ],
            [
              121.0373065,
              14.6067503
            ],
            [
              121.0377633,
              14.6062957
            ],
            [
              121.0397465,
              14.6079232
            ],
            [
              121.0409082,
              14.6087442
            ],
            [
              121.0417174,
              14.6090515
            ],
            [
              121.0427521,
              14.609471
            ],
            [
              121.042974,
              14.609631
            ],
            [
              121.0431959,
              14.6095847
            ],
            [
              121.0433699,
              14.6095299
            ],
            [
              121.0437441,
              14.6092226
            ],
            [
              121.04414,
              14.6089532
            ],
            [
              121.0443532,
              14.6089153
            ],
            [
              121.0449408,
              14.6088142
            ],
            [
              121.0456978,
              14.6086879
            ],
            [
              121.0459502,
              14.6087258
            ],
            [
              121.048143,
              14.6092563
            ],
            [
              121.050062,
              14.6096919
            ],
            [
              121.0514936,
              14.6059507
            ],
            [
              121.0520278,
              14.6047991
            ],
            [
              121.0521944,
              14.6045176
            ],
            [
              121.0535272,
              14.6051702
            ],
            [
              121.0535388,
              14.605162
            ],
            [
              121.0570162,
              14.6066953
            ],
            [
              121.054363,
              14.6124322
            ],
            [
              121.0515937,
              14.6184082
            ],
            [
              121.0459113,
              14.6307567
            ],
            [
              121.0539946,
              14.6331164
            ],
            [
              121.0587467,
              14.6345108
            ],
            [
              121.0611546,
              14.6351398
            ],
            [
              121.0614109,
              14.635274
            ],
            [
              121.061705,
              14.6351154
            ],
            [
              121.0627555,
              14.63614
            ],
            [
              121.0639446,
              14.6364123
            ],
            [
              121.0638553,
              14.6369046
            ],
            [
              121.063767,
              14.637051
            ],
            [
              121.0647292,
              14.6379616
            ],
            [
              121.0662335,
              14.6394496
            ],
            [
              121.068721,
              14.6419214
            ],
            [
              121.0706442,
              14.6438757
            ],
            [
              121.0706652,
              14.6438716
            ],
            [
              121.0731191,
              14.6463189
            ],
            [
              121.0731279,
              14.6463177
            ],
            [
              121.0748055,
              14.6481161
            ],
            [
              121.0748123,
              14.6481126
            ],
            [
              121.0762402,
              14.6495323
            ],
            [
              121.0761716,
              14.6529686
            ],
            [
              121.0744036,
              14.6529379
            ],
            [
              121.074356,
              14.6552686
            ],
            [
              121.0743209,
              14.6574892
            ],
            [
              121.0744796,
              14.6577783
            ],
            [
              121.074662,
              14.658006
            ],
            [
              121.075146,
              14.6584179
            ],
            [
              121.0757687,
              14.6589848
            ],
            [
              121.0761654,
              14.659366
            ],
            [
              121.0761971,
              14.6595502
            ],
            [
              121.0761601,
              14.6597702
            ],
            [
              121.0756341,
              14.6608388
            ],
            [
              121.0749462,
              14.6622647
            ],
            [
              121.0745865,
              14.6627329
            ],
            [
              121.074047,
              14.6633879
            ],
            [
              121.0714288,
              14.6630361
            ],
            [
              121.0659269,
              14.6623225
            ],
            [
              121.0652182,
              14.6618661
            ],
            [
              121.0647528,
              14.6619224
            ],
            [
              121.0642821,
              14.6619045
            ],
            [
              121.0642107,
              14.6618559
            ],
            [
              121.0641234,
              14.6618635
            ],
            [
              121.063576,
              14.6618482
            ],
            [
              121.0622855,
              14.6618456
            ],
            [
              121.0614551,
              14.6618763
            ],
            [
              121.0606512,
              14.6619429
            ],
            [
              121.05914,
              14.6619575
            ],
            [
              121.0590025,
              14.6619933
            ],
            [
              121.057273,
              14.662047
            ],
            [
              121.0571811,
              14.6619997
            ],
            [
              121.0538543,
              14.6620866
            ],
            [
              121.051395,
              14.6621352
            ],
            [
              121.0494063,
              14.6621736
            ],
            [
              121.0478634,
              14.6622051
            ],
            [
              121.0473583,
              14.6622154
            ],
            [
              121.0471679,
              14.662154
            ],
            [
              121.046557,
              14.6619902
            ],
            [
              121.0454092,
              14.6617576
            ],
            [
              121.0447613,
              14.6615939
            ],
            [
              121.0450998,
              14.6610208
            ],
            [
              121.0453167,
              14.6609415
            ],
            [
              121.04547,
              14.6611436
            ],
            [
              121.0456604,
              14.6612664
            ],
            [
              121.0458852,
              14.661251
            ],
            [
              121.0459936,
              14.6610106
            ],
            [
              121.0461708,
              14.6608161
            ],
            [
              121.0463189,
              14.6605654
            ],
            [
              121.0462316,
              14.6601963
            ],
            [
              121.0460545,
              14.6599814
            ],
            [
              121.0459222,
              14.6597128
            ],
            [
              121.0460677,
              14.6596335
            ],
            [
              121.046192,
              14.6597358
            ],
            [
              121.0463903,
              14.6596437
            ],
            [
              121.0465966,
              14.6591755
            ],
            [
              121.0467628,
              14.6586928
            ],
            [
              121.0471071,
              14.6586928
            ],
            [
              121.0473014,
              14.6586017
            ],
            [
              121.0475045,
              14.6583711
            ],
            [
              121.0478518,
              14.6581433
            ],
            [
              121.0480431,
              14.6577902
            ],
            [
              121.0485317,
              14.6572691
            ],
            [
              121.0486323,
              14.6570519
            ],
            [
              121.0489561,
              14.6567729
            ],
            [
              121.0496772,
              14.6562631
            ],
            [
              121.0502659,
              14.6560126
            ],
            [
              121.050561,
              14.6557415
            ],
            [
              121.050923,
              14.6553201
            ],
            [
              121.0512792,
              14.6547591
            ],
            [
              121.0514799,
              14.654669
            ],
            [
              121.0522599,
              14.6544326
            ],
            [
              121.0523482,
              14.6543501
            ],
            [
              121.05241,
              14.6541934
            ],
            [
              121.0523894,
              14.6540824
            ],
            [
              121.052463,
              14.6539343
            ],
            [
              121.0525984,
              14.6537094
            ],
            [
              121.0523087,
              14.6534946
            ],
            [
              121.0512193,
              14.6530909
            ],
            [
              121.0508716,
              14.6533825
            ],
            [
              121.0496198,
              14.6542347
            ],
            [
              121.048484,
              14.6543468
            ],
            [
              121.0475568,
              14.6542122
            ],
            [
              121.0467919,
              14.6533152
            ],
            [
              121.0464188,
              14.652379
            ],
            [
              121.0468996,
              14.6505699
            ],
            [
              121.0468462,
              14.6497687
            ],
            [
              121.0437474,
              14.6476494
            ],
            [
              121.0387253,
              14.644884
            ],
            [
              121.0181436,
              14.6321454
            ],
            [
              121.0162287,
              14.6308612
            ],
            [
              121.0152197,
              14.6299449
            ],
            [
              121.0010168,
              14.6171451
            ],
            [
              121.001498,
              14.61679
            ],
            [
              121.0048826,
              14.6142546
            ],
            [
              121.005277,
              14.6139741
            ],
            [
              121.0065019,
              14.612887
            ],
            [
              121.0069676,
              14.6125146
            ],
            [
              121.0092034,
              14.610827
            ],
            [
              121.0108524,
              14.6095693
            ],
            [
              121.0120366,
              14.6086646
            ],
            [
              121.0132151,
              14.6077288
            ],
            [
              121.0147653,
              14.6065886
            ],
            [
              121.0164575,
              14.6053156
            ],
            [
              121.01954838823987,
              14.602805914593066
            ]
          ]
        ]
      }
    },
    {
      "type": "Feature",
      "id": "ld-2025-1381300000-5",
      "properties": {
        "legislativeDistrictId": "ld-2025-1381300000-5",
        "electionYear": 2025,
        "label": "Quezon City — 5th Legislative District",
        "regionCode": "1300000000",
        "regionName": "National Capital Region (NCR)",
        "jurisdictionCode": "1381300000",
        "jurisdictionName": "Quezon City",
        "jurisdictionType": "city",
        "localityCodes": [
          "1381300000"
        ],
        "localityNames": [
          "Quezon City"
        ],
        "boundaryStatus": "verified",
        "source": "Wikipedia contributors",
        "sourceUrl": "https://en.wikipedia.org/wiki/Quezon_City%27s_5th_congressional_district",
        "notes": "Geometry derived from the Wikipedia interactive map and cross-checked against the Quezon City Planning and Development Department district-barangay map: https://qcpl.quezoncity.gov.ph/libros/49137"
      },
      "geometry": {
        "type": "Polygon",
        "coordinates": [
          [
            [
              121.02451661535163,
              14.693395867508812
            ],
            [
              121.0329575,
              14.693151
            ],
            [
              121.0332148,
              14.6936521
            ],
            [
              121.0331971,
              14.694651
            ],
            [
              121.0335214,
              14.6950123
            ],
            [
              121.0353928,
              14.6946067
            ],
            [
              121.0356218,
              14.6945658
            ],
            [
              121.0359496,
              14.6949407
            ],
            [
              121.0363023,
              14.6953365
            ],
            [
              121.0363074,
              14.6951426
            ],
            [
              121.0369175,
              14.6951524
            ],
            [
              121.0370687,
              14.6949963
            ],
            [
              121.0380156,
              14.6943185
            ],
            [
              121.0382725,
              14.6941097
            ],
            [
              121.0383562,
              14.6937419
            ],
            [
              121.0391466,
              14.6943436
            ],
            [
              121.0405033,
              14.6946972
            ],
            [
              121.040562,
              14.6945566
            ],
            [
              121.0407808,
              14.694583
            ],
            [
              121.041813,
              14.6947619
            ],
            [
              121.0422094,
              14.6943657
            ],
            [
              121.0423812,
              14.6941725
            ],
            [
              121.0428804,
              14.6945915
            ],
            [
              121.0430727,
              14.6943998
            ],
            [
              121.0430595,
              14.69436
            ],
            [
              121.0445592,
              14.694333
            ],
            [
              121.0464501,
              14.694353
            ],
            [
              121.0464339,
              14.6955488
            ],
            [
              121.0464258,
              14.6958531
            ],
            [
              121.046276,
              14.6962764
            ],
            [
              121.0462378,
              14.6963587
            ],
            [
              121.0468868,
              14.6967223
            ],
            [
              121.0462118,
              14.6978614
            ],
            [
              121.0446354,
              14.6993289
            ],
            [
              121.0444936,
              14.6993707
            ],
            [
              121.0441854,
              14.6990963
            ],
            [
              121.0440559,
              14.6992395
            ],
            [
              121.0441792,
              14.6995078
            ],
            [
              121.0446642,
              14.6997469
            ],
            [
              121.0446273,
              14.6998096
            ],
            [
              121.0450678,
              14.7000196
            ],
            [
              121.0458416,
              14.7004368
            ],
            [
              121.0461153,
              14.7005895
            ],
            [
              121.047055,
              14.6999826
            ],
            [
              121.0478038,
              14.6995913
            ],
            [
              121.047901,
              14.699747
            ],
            [
              121.0482665,
              14.7001275
            ],
            [
              121.0481704,
              14.7004474
            ],
            [
              121.0480363,
              14.7009509
            ],
            [
              121.0476017,
              14.7014786
            ],
            [
              121.0474307,
              14.7016954
            ],
            [
              121.0473312,
              14.7018792
            ],
            [
              121.0473234,
              14.702077
            ],
            [
              121.0473598,
              14.7023667
            ],
            [
              121.0474112,
              14.7023786
            ],
            [
              121.0477498,
              14.7024564
            ],
            [
              121.0478873,
              14.7023894
            ],
            [
              121.0480974,
              14.7022175
            ],
            [
              121.0482885,
              14.7020792
            ],
            [
              121.0485176,
              14.7020803
            ],
            [
              121.0486841,
              14.7020197
            ],
            [
              121.0488517,
              14.7021592
            ],
            [
              121.0489489,
              14.7021624
            ],
            [
              121.0490115,
              14.7021386
            ],
            [
              121.0490853,
              14.7021386
            ],
            [
              121.0491702,
              14.7021516
            ],
            [
              121.049311,
              14.7022013
            ],
            [
              121.0494921,
              14.702277
            ],
            [
              121.0497514,
              14.7023866
            ],
            [
              121.0499042,
              14.7026376
            ],
            [
              121.0501548,
              14.7027631
            ],
            [
              121.0501779,
              14.7029573
            ],
            [
              121.0503948,
              14.7030966
            ],
            [
              121.0504424,
              14.7031075
            ],
            [
              121.0507214,
              14.7033361
            ],
            [
              121.0508814,
              14.7034685
            ],
            [
              121.0509116,
              14.7035029
            ],
            [
              121.0509187,
              14.7036026
            ],
            [
              121.0508814,
              14.7036714
            ],
            [
              121.0507748,
              14.7037848
            ],
            [
              121.0507108,
              14.7039172
            ],
            [
              121.0510414,
              14.7040478
            ],
            [
              121.0525076,
              14.7040272
            ],
            [
              121.0526125,
              14.7040478
            ],
            [
              121.0526018,
              14.704053
            ],
            [
              121.0529093,
              14.7044982
            ],
            [
              121.0529004,
              14.7045017
            ],
            [
              121.0558916,
              14.704555
            ],
            [
              121.0571201,
              14.7046027
            ],
            [
              121.0571722,
              14.7053845
            ],
            [
              121.0574548,
              14.7053054
            ],
            [
              121.05786,
              14.7053656
            ],
            [
              121.0580427,
              14.7056399
            ],
            [
              121.0582968,
              14.705908
            ],
            [
              121.0584923,
              14.7058805
            ],
            [
              121.058519,
              14.7050296
            ],
            [
              121.0585066,
              14.7041082
            ],
            [
              121.0580036,
              14.7040944
            ],
            [
              121.0580071,
              14.7034463
            ],
            [
              121.0579796,
              14.701999
            ],
            [
              121.0580033,
              14.7005196
            ],
            [
              121.058005,
              14.6993807
            ],
            [
              121.0579911,
              14.6978349
            ],
            [
              121.0579771,
              14.6964376
            ],
            [
              121.0580057,
              14.6951247
            ],
            [
              121.058495,
              14.6951274
            ],
            [
              121.0601317,
              14.6951416
            ],
            [
              121.0603039,
              14.695139
            ],
            [
              121.0603012,
              14.6948058
            ],
            [
              121.0603039,
              14.6933649
            ],
            [
              121.0662507,
              14.6930683
            ],
            [
              121.068052,
              14.6929626
            ],
            [
              121.06961,
              14.6928938
            ],
            [
              121.0696075,
              14.6928892
            ],
            [
              121.0709149,
              14.6948767
            ],
            [
              121.0709163,
              14.6948883
            ],
            [
              121.0710421,
              14.6951873
            ],
            [
              121.0711446,
              14.6954787
            ],
            [
              121.0713438,
              14.6960519
            ],
            [
              121.0715069,
              14.6965228
            ],
            [
              121.0717963,
              14.6971972
            ],
            [
              121.0721979,
              14.6981344
            ],
            [
              121.0725784,
              14.6994857
            ],
            [
              121.0728169,
              14.7002656
            ],
            [
              121.0728623,
              14.7005732
            ],
            [
              121.0730776,
              14.7010468
            ],
            [
              121.073085,
              14.701041
            ],
            [
              121.0732376,
              14.7013476
            ],
            [
              121.0733981,
              14.7016684
            ],
            [
              121.0736554,
              14.7019982
            ],
            [
              121.0737122,
              14.7020676
            ],
            [
              121.0736897,
              14.7021935
            ],
            [
              121.0742453,
              14.7027931
            ],
            [
              121.0742089,
              14.7030378
            ],
            [
              121.0746829,
              14.7030334
            ],
            [
              121.0751681,
              14.7033025
            ],
            [
              121.0761386,
              14.7035421
            ],
            [
              121.0767094,
              14.7038133
            ],
            [
              121.0771685,
              14.7041546
            ],
            [
              121.0786294,
              14.7041768
            ],
            [
              121.0799647,
              14.7041971
            ],
            [
              121.0803842,
              14.7042043
            ],
            [
              121.0808283,
              14.7041623
            ],
            [
              121.0808911,
              14.7041551
            ],
            [
              121.0812724,
              14.7041508
            ],
            [
              121.0814234,
              14.7044198
            ],
            [
              121.0814174,
              14.7044229
            ],
            [
              121.0815306,
              14.7048453
            ],
            [
              121.0817607,
              14.7057564
            ],
            [
              121.0818229,
              14.7060218
            ],
            [
              121.0819944,
              14.7064975
            ],
            [
              121.0822823,
              14.7073133
            ],
            [
              121.0826625,
              14.7083773
            ],
            [
              121.0830798,
              14.7095571
            ],
            [
              121.0831316,
              14.7096994
            ],
            [
              121.0844727,
              14.7101767
            ],
            [
              121.0848798,
              14.7103246
            ],
            [
              121.0849801,
              14.7105671
            ],
            [
              121.0854816,
              14.7107408
            ],
            [
              121.0856466,
              14.7110037
            ],
            [
              121.0858957,
              14.7109943
            ],
            [
              121.0862565,
              14.7112462
            ],
            [
              121.0870102,
              14.7113964
            ],
            [
              121.0870944,
              14.7112368
            ],
            [
              121.0888622,
              14.7118542
            ],
            [
              121.090273,
              14.7123406
            ],
            [
              121.090336,
              14.7126645
            ],
            [
              121.0900505,
              14.7135582
            ],
            [
              121.0903681,
              14.7143074
            ],
            [
              121.0911248,
              14.7144459
            ],
            [
              121.0925015,
              14.7143849
            ],
            [
              121.0933429,
              14.7143457
            ],
            [
              121.0944861,
              14.7138561
            ],
            [
              121.0947934,
              14.7138608
            ],
            [
              121.0950442,
              14.7140673
            ],
            [
              121.0958966,
              14.7147249
            ],
            [
              121.0966962,
              14.714896
            ],
            [
              121.0976988,
              14.714857
            ],
            [
              121.0980984,
              14.7149713
            ],
            [
              121.0986052,
              14.715401
            ],
            [
              121.0991407,
              14.7158814
            ],
            [
              121.0997965,
              14.7165003
            ],
            [
              121.1003255,
              14.7170181
            ],
            [
              121.1007165,
              14.7174472
            ],
            [
              121.1008653,
              14.7178227
            ],
            [
              121.1008085,
              14.7184223
            ],
            [
              121.100451,
              14.7190012
            ],
            [
              121.1002827,
              14.7191686
            ],
            [
              121.0998883,
              14.7193384
            ],
            [
              121.0997265,
              14.7195887
            ],
            [
              121.0997589,
              14.7200362
            ],
            [
              121.0999607,
              14.7203803
            ],
            [
              121.1003797,
              14.7205931
            ],
            [
              121.1007178,
              14.7206181
            ],
            [
              121.1011626,
              14.7206181
            ],
            [
              121.1015331,
              14.7206463
            ],
            [
              121.1017144,
              14.7207995
            ],
            [
              121.1018648,
              14.7209904
            ],
            [
              121.1021367,
              14.7213313
            ],
            [
              121.1025379,
              14.7218727
            ],
            [
              121.1034011,
              14.7224488
            ],
            [
              121.1043674,
              14.7230428
            ],
            [
              121.1051438,
              14.7234377
            ],
            [
              121.1054932,
              14.7234486
            ],
            [
              121.1062679,
              14.7232142
            ],
            [
              121.1072385,
              14.7231673
            ],
            [
              121.1076203,
              14.7230014
            ],
            [
              121.1084065,
              14.7225727
            ],
            [
              121.109183,
              14.7222223
            ],
            [
              121.1092995,
              14.7221659
            ],
            [
              121.1095648,
              14.721997
            ],
            [
              121.1098527,
              14.7217826
            ],
            [
              121.110173,
              14.7215886
            ],
            [
              121.1104238,
              14.7215292
            ],
            [
              121.1116118,
              14.721562
            ],
            [
              121.1119709,
              14.7216402
            ],
            [
              121.1123786,
              14.7218702
            ],
            [
              121.1124942,
              14.7219303
            ],
            [
              121.1128048,
              14.7221618
            ],
            [
              121.112918,
              14.7223527
            ],
            [
              121.1129916,
              14.7227026
            ],
            [
              121.1129252,
              14.7228715
            ],
            [
              121.1124743,
              14.723625
            ],
            [
              121.1123254,
              14.7241981
            ],
            [
              121.1123054,
              14.7246244
            ],
            [
              121.1125677,
              14.7251512
            ],
            [
              121.11293,
              14.7258068
            ],
            [
              121.1131209,
              14.7261556
            ],
            [
              121.113404,
              14.7263418
            ],
            [
              121.1139401,
              14.7265943
            ],
            [
              121.1149247,
              14.7270688
            ],
            [
              121.1162144,
              14.7275615
            ],
            [
              121.1170801,
              14.727848
            ],
            [
              121.1172112,
              14.7279325
            ],
            [
              121.1173275,
              14.7280983
            ],
            [
              121.1176084,
              14.7289366
            ],
            [
              121.1176742,
              14.7291154
            ],
            [
              121.1178246,
              14.7294049
            ],
            [
              121.1179556,
              14.7297428
            ],
            [
              121.1182175,
              14.7304267
            ],
            [
              121.1183737,
              14.7309347
            ],
            [
              121.1183776,
              14.7317058
            ],
            [
              121.1183608,
              14.7321388
            ],
            [
              121.1184175,
              14.7324173
            ],
            [
              121.118618,
              14.7329148
            ],
            [
              121.1188084,
              14.7331783
            ],
            [
              121.1190971,
              14.7333179
            ],
            [
              121.11953,
              14.7338142
            ],
            [
              121.1206686,
              14.7346361
            ],
            [
              121.1211497,
              14.7349075
            ],
            [
              121.1215827,
              14.7349618
            ],
            [
              121.1217839,
              14.735021
            ],
            [
              121.1218721,
              14.7351994
            ],
            [
              121.1217598,
              14.7359283
            ],
            [
              121.1217358,
              14.7362152
            ],
            [
              121.1219202,
              14.7368511
            ],
            [
              121.1224904,
              14.7378567
            ],
            [
              121.1223488,
              14.7381145
            ],
            [
              121.1195412,
              14.7396776
            ],
            [
              121.1192247,
              14.7397017
            ],
            [
              121.1184749,
              14.7392747
            ],
            [
              121.1181833,
              14.7392747
            ],
            [
              121.1175251,
              14.7407169
            ],
            [
              121.117887,
              14.7421431
            ],
            [
              121.1183035,
              14.7434725
            ],
            [
              121.1182369,
              14.7448341
            ],
            [
              121.118095,
              14.7452375
            ],
            [
              121.1177118,
              14.746019
            ],
            [
              121.1176701,
              14.7464057
            ],
            [
              121.1185948,
              14.7475256
            ],
            [
              121.1186615,
              14.7478156
            ],
            [
              121.1182116,
              14.7494591
            ],
            [
              121.1182373,
              14.7496657
            ],
            [
              121.1203117,
              14.7515348
            ],
            [
              121.1205783,
              14.7518409
            ],
            [
              121.1208116,
              14.7523887
            ],
            [
              121.1208116,
              14.7529849
            ],
            [
              121.1211115,
              14.7534764
            ],
            [
              121.1212031,
              14.7538389
            ],
            [
              121.1210449,
              14.7545156
            ],
            [
              121.1208616,
              14.7551521
            ],
            [
              121.1210698,
              14.7555951
            ],
            [
              121.1213698,
              14.7559577
            ],
            [
              121.1213364,
              14.7564974
            ],
            [
              121.1211781,
              14.757005
            ],
            [
              121.1212781,
              14.7575286
            ],
            [
              121.1214114,
              14.7578348
            ],
            [
              121.1220946,
              14.757875
            ],
            [
              121.1226527,
              14.7578912
            ],
            [
              121.1230443,
              14.7580039
            ],
            [
              121.1231692,
              14.7590271
            ],
            [
              121.1232026,
              14.7597521
            ],
            [
              121.1233109,
              14.7600099
            ],
            [
              121.1240107,
              14.7599052
            ],
            [
              121.1242606,
              14.7599696
            ],
            [
              121.1247605,
              14.7604691
            ],
            [
              121.1252603,
              14.7608719
            ],
            [
              121.125102,
              14.7611861
            ],
            [
              121.1253436,
              14.7616936
            ],
            [
              121.1259243,
              14.7626262
            ],
            [
              121.125941,
              14.7628517
            ],
            [
              121.1255494,
              14.7632384
            ],
            [
              121.1253745,
              14.7635204
            ],
            [
              121.1254161,
              14.7642454
            ],
            [
              121.1254828,
              14.7648818
            ],
            [
              121.1252745,
              14.7650913
            ],
            [
              121.124883,
              14.7652846
            ],
            [
              121.1245747,
              14.7660902
            ],
            [
              121.1249163,
              14.7665252
            ],
            [
              121.1257494,
              14.7669441
            ],
            [
              121.1263668,
              14.7674042
            ],
            [
              121.1269083,
              14.7680326
            ],
            [
              121.1273582,
              14.7687173
            ],
            [
              121.1276581,
              14.769249
            ],
            [
              121.1275082,
              14.7697726
            ],
            [
              121.128183,
              14.7705377
            ],
            [
              121.1285745,
              14.7705377
            ],
            [
              121.1289484,
              14.7715776
            ],
            [
              121.1295155,
              14.7722478
            ],
            [
              121.1302401,
              14.7728977
            ],
            [
              121.1313007,
              14.7728571
            ],
            [
              121.1325819,
              14.7730703
            ],
            [
              121.1331805,
              14.7732023
            ],
            [
              121.133233,
              14.7735983
            ],
            [
              121.13317,
              14.7740654
            ],
            [
              121.1331805,
              14.7744513
            ],
            [
              121.133695,
              14.7752128
            ],
            [
              121.1347976,
              14.776675
            ],
            [
              121.1341361,
              14.7771624
            ],
            [
              121.133317,
              14.7774264
            ],
            [
              121.1326239,
              14.7766649
            ],
            [
              121.1323298,
              14.7763501
            ],
            [
              121.1315317,
              14.7761673
            ],
            [
              121.1306811,
              14.7764313
            ],
            [
              121.1299985,
              14.7770203
            ],
            [
              121.1291584,
              14.7772132
            ],
            [
              121.1287489,
              14.777071
            ],
            [
              121.1279088,
              14.7764821
            ],
            [
              121.1253779,
              14.7757205
            ],
            [
              121.1247583,
              14.7749488
            ],
            [
              121.1242228,
              14.7749285
            ],
            [
              121.1236767,
              14.7755784
            ],
            [
              121.1224165,
              14.7759642
            ],
            [
              121.1212299,
              14.7759033
            ],
            [
              121.1205368,
              14.7757002
            ],
            [
              121.1197807,
              14.7750605
            ],
            [
              121.118615,
              14.7735374
            ],
            [
              121.1162502,
              14.772737
            ],
            [
              121.1150112,
              14.772364
            ],
            [
              121.1141814,
              14.7717198
            ],
            [
              121.113784,
              14.7710869
            ],
            [
              121.1135736,
              14.7699681
            ],
            [
              121.11341,
              14.7694256
            ],
            [
              121.1126152,
              14.7679789
            ],
            [
              121.1096231,
              14.7646901
            ],
            [
              121.1092958,
              14.7638989
            ],
            [
              121.1050765,
              14.7626783
            ],
            [
              121.1020493,
              14.7653117
            ],
            [
              121.1017589,
              14.7655264
            ],
            [
              121.100859,
              14.7654021
            ],
            [
              121.0997953,
              14.7651874
            ],
            [
              121.0995521,
              14.762846
            ],
            [
              121.0994032,
              14.762342
            ],
            [
              121.0987331,
              14.762666
            ],
            [
              121.0963505,
              14.76173
            ],
            [
              121.0951219,
              14.761406
            ],
            [
              121.0924787,
              14.759318
            ],
            [
              121.0916969,
              14.758562
            ],
            [
              121.08991,
              14.758886
            ],
            [
              121.0883464,
              14.758202
            ],
            [
              121.0878624,
              14.75831
            ],
            [
              121.0858521,
              14.75831
            ],
            [
              121.0849214,
              14.754746
            ],
            [
              121.0847725,
              14.7517579
            ],
            [
              121.0826132,
              14.7485898
            ],
            [
              121.0806402,
              14.7461777
            ],
            [
              121.0778853,
              14.7452416
            ],
            [
              121.077848,
              14.7426134
            ],
            [
              121.0775569,
              14.7421269
            ],
            [
              121.076991,
              14.7419673
            ],
            [
              121.0769175,
              14.7422593
            ],
            [
              121.076466,
              14.742354
            ],
            [
              121.0750054,
              14.742304
            ],
            [
              121.0725484,
              14.7422593
            ],
            [
              121.0695972,
              14.742254
            ],
            [
              121.0663618,
              14.742246
            ],
            [
              121.0639029,
              14.7422434
            ],
            [
              121.0623032,
              14.7422165
            ],
            [
              121.0605387,
              14.7421456
            ],
            [
              121.0583784,
              14.7422543
            ],
            [
              121.0569891,
              14.7421893
            ],
            [
              121.0558745,
              14.7422104
            ],
            [
              121.0549467,
              14.7422088
            ],
            [
              121.0549393,
              14.7422158
            ],
            [
              121.0546483,
              14.7421429
            ],
            [
              121.0545492,
              14.742168
            ],
            [
              121.0545125,
              14.7422253
            ],
            [
              121.0530269,
              14.7421626
            ],
            [
              121.0518191,
              14.7421908
            ],
            [
              121.0464857,
              14.7421444
            ],
            [
              121.0448198,
              14.7420954
            ],
            [
              121.0404531,
              14.7420872
            ],
            [
              121.0395121,
              14.7411337
            ],
            [
              121.0386658,
              14.740329
            ],
            [
              121.0376519,
              14.7392771
            ],
            [
              121.0370272,
              14.7386783
            ],
            [
              121.0364454,
              14.7380755
            ],
            [
              121.0352697,
              14.7370153
            ],
            [
              121.0336114,
              14.7352496
            ],
            [
              121.0331258,
              14.7348019
            ],
            [
              121.0329043,
              14.7345437
            ],
            [
              121.0315638,
              14.7333078
            ],
            [
              121.0302262,
              14.73194
            ],
            [
              121.0295397,
              14.7312516
            ],
            [
              121.0282562,
              14.730005
            ],
            [
              121.0276862,
              14.7294028
            ],
            [
              121.0262648,
              14.7280262
            ],
            [
              121.0249693,
              14.7267642
            ],
            [
              121.0246713,
              14.7264202
            ],
            [
              121.0239307,
              14.7257358
            ],
            [
              121.0233021,
              14.7251726
            ],
            [
              121.0226304,
              14.724507
            ],
            [
              121.0213996,
              14.7233166
            ],
            [
              121.0198775,
              14.7218963
            ],
            [
              121.0183748,
              14.7204132
            ],
            [
              121.0173411,
              14.7194697
            ],
            [
              121.0166018,
              14.7187115
            ],
            [
              121.0154756,
              14.7176654
            ],
            [
              121.0136165,
              14.7158177
            ],
            [
              121.0143303,
              14.7140297
            ],
            [
              121.0149415,
              14.7122882
            ],
            [
              121.0149238,
              14.7123006
            ],
            [
              121.0151582,
              14.7114546
            ],
            [
              121.0155896,
              14.7102936
            ],
            [
              121.0161283,
              14.7087125
            ],
            [
              121.0168355,
              14.7068198
            ],
            [
              121.0175445,
              14.7044557
            ],
            [
              121.0179647,
              14.7033995
            ],
            [
              121.0176073,
              14.7029173
            ],
            [
              121.0174473,
              14.7026353
            ],
            [
              121.0173186,
              14.7020685
            ],
            [
              121.0175302,
              14.7015182
            ],
            [
              121.0178215,
              14.7009491
            ],
            [
              121.0179873,
              14.7004154
            ],
            [
              121.018196,
              14.7001887
            ],
            [
              121.0188335,
              14.6997408
            ],
            [
              121.019208,
              14.6995057
            ],
            [
              121.019531,
              14.6992541
            ],
            [
              121.0201199,
              14.6984163
            ],
            [
              121.0203843,
              14.6980572
            ],
            [
              121.021099,
              14.6977669
            ],
            [
              121.0217393,
              14.6971392
            ],
            [
              121.0222081,
              14.6964507
            ],
            [
              121.0229599,
              14.6959309
            ],
            [
              121.0232287,
              14.6957429
            ],
            [
              121.0235088,
              14.694999
            ],
            [
              121.0237332,
              14.6944086
            ],
            [
              121.024222,
              14.6941183
            ],
            [
              121.0245557,
              14.6937205
            ],
            [
              121.02451661535163,
              14.693395867508812
            ]
          ]
        ]
      }
    },
    {
      "type": "Feature",
      "id": "ld-2025-1381300000-6",
      "properties": {
        "legislativeDistrictId": "ld-2025-1381300000-6",
        "electionYear": 2025,
        "label": "Quezon City — 6th Legislative District",
        "regionCode": "1300000000",
        "regionName": "National Capital Region (NCR)",
        "jurisdictionCode": "1381300000",
        "jurisdictionName": "Quezon City",
        "jurisdictionType": "city",
        "localityCodes": [
          "1381300000"
        ],
        "localityNames": [
          "Quezon City"
        ],
        "boundaryStatus": "verified",
        "source": "Wikipedia contributors",
        "sourceUrl": "https://en.wikipedia.org/wiki/Quezon_City%27s_6th_congressional_district",
        "notes": "Geometry derived from the Wikipedia interactive map and cross-checked against the Quezon City Planning and Development Department district-barangay map: https://qcpl.quezoncity.gov.ph/libros/49137"
      },
      "geometry": {
        "type": "Polygon",
        "coordinates": [
          [
            [
              121.0658351,
              14.6623305
            ],
            [
              121.0704763,
              14.6653577
            ],
            [
              121.069341,
              14.6676564
            ],
            [
              121.0690742,
              14.6681785
            ],
            [
              121.0686895,
              14.6690608
            ],
            [
              121.0686461,
              14.6694724
            ],
            [
              121.0686089,
              14.671879
            ],
            [
              121.0685898,
              14.6719272
            ],
            [
              121.0687262,
              14.6721172
            ],
            [
              121.069108,
              14.6735818
            ],
            [
              121.0691496,
              14.6743587
            ],
            [
              121.0691878,
              14.6755055
            ],
            [
              121.0692023,
              14.6759787
            ],
            [
              121.0691478,
              14.6761686
            ],
            [
              121.0691115,
              14.6770584
            ],
            [
              121.0691217,
              14.6791163
            ],
            [
              121.069244,
              14.6814572
            ],
            [
              121.0692806,
              14.681809
            ],
            [
              121.0693051,
              14.6823292
            ],
            [
              121.0694395,
              14.6840908
            ],
            [
              121.0695324,
              14.6863062
            ],
            [
              121.0695569,
              14.6893209
            ],
            [
              121.0695935,
              14.6912124
            ],
            [
              121.0695935,
              14.6929503
            ],
            [
              121.0602927,
              14.6933641
            ],
            [
              121.060305,
              14.6951255
            ],
            [
              121.058,
              14.6951284
            ],
            [
              121.058,
              14.7041129
            ],
            [
              121.0585256,
              14.7041129
            ],
            [
              121.0585011,
              14.7059097
            ],
            [
              121.0582567,
              14.7059215
            ],
            [
              121.0578534,
              14.7053896
            ],
            [
              121.0574012,
              14.7053068
            ],
            [
              121.0571567,
              14.7054014
            ],
            [
              121.0571201,
              14.7045739
            ],
            [
              121.0528424,
              14.7045148
            ],
            [
              121.0525856,
              14.7040775
            ],
            [
              121.0510457,
              14.7040656
            ],
            [
              121.0506913,
              14.703912
            ],
            [
              121.0509357,
              14.7036164
            ],
            [
              121.050899,
              14.7034509
            ],
            [
              121.0504224,
              14.7030845
            ],
            [
              121.0501291,
              14.7029308
            ],
            [
              121.0501168,
              14.7026943
            ],
            [
              121.0498357,
              14.7026234
            ],
            [
              121.049738,
              14.7023515
            ],
            [
              121.0490535,
              14.7020914
            ],
            [
              121.0488336,
              14.7021742
            ],
            [
              121.0486624,
              14.7020442
            ],
            [
              121.0482958,
              14.7020796
            ],
            [
              121.0478314,
              14.7024224
            ],
            [
              121.0473547,
              14.7023752
            ],
            [
              121.047318,
              14.7018787
            ],
            [
              121.0480147,
              14.7009802
            ],
            [
              121.0482591,
              14.7001054
            ],
            [
              121.0477947,
              14.6996089
            ],
            [
              121.0461204,
              14.7005693
            ],
            [
              121.0446082,
              14.6997808
            ],
            [
              121.0446555,
              14.6997466
            ],
            [
              121.0441475,
              14.6994952
            ],
            [
              121.0440648,
              14.6992209
            ],
            [
              121.0441948,
              14.6990952
            ],
            [
              121.0444783,
              14.6993809
            ],
            [
              121.0446319,
              14.6993237
            ],
            [
              121.0462271,
              14.6978575
            ],
            [
              121.0468924,
              14.6967184
            ],
            [
              121.0462179,
              14.6963505
            ],
            [
              121.0464299,
              14.6958423
            ],
            [
              121.0464495,
              14.694344
            ],
            [
              121.0446381,
              14.6943365
            ],
            [
              121.043046,
              14.6943593
            ],
            [
              121.0430656,
              14.6944162
            ],
            [
              121.0428617,
              14.6945906
            ],
            [
              121.0423715,
              14.6941696
            ],
            [
              121.0418029,
              14.6947727
            ],
            [
              121.0408578,
              14.6945944
            ],
            [
              121.0405441,
              14.6945565
            ],
            [
              121.040497,
              14.6946817
            ],
            [
              121.0391481,
              14.6943441
            ],
            [
              121.0383403,
              14.6937296
            ],
            [
              121.0382658,
              14.6941431
            ],
            [
              121.0369992,
              14.6950496
            ],
            [
              121.0369168,
              14.6951596
            ],
            [
              121.0362933,
              14.6951482
            ],
            [
              121.0362907,
              14.6953148
            ],
            [
              121.0356201,
              14.6945714
            ],
            [
              121.0335221,
              14.6950152
            ],
            [
              121.0331771,
              14.6946397
            ],
            [
              121.0332124,
              14.6936383
            ],
            [
              121.0329575,
              14.6931565
            ],
            [
              121.024466,
              14.6933837
            ],
            [
              121.0240962,
              14.6924506
            ],
            [
              121.0238956,
              14.6919188
            ],
            [
              121.0239031,
              14.6910853
            ],
            [
              121.0236059,
              14.6907691
            ],
            [
              121.0225733,
              14.6904817
            ],
            [
              121.0221335,
              14.6903957
            ],
            [
              121.0216483,
              14.6903829
            ],
            [
              121.0219895,
              14.6894592
            ],
            [
              121.0223609,
              14.6884779
            ],
            [
              121.0212664,
              14.6873299
            ],
            [
              121.0200894,
              14.6861023
            ],
            [
              121.0193576,
              14.6853514
            ],
            [
              121.0185992,
              14.6845433
            ],
            [
              121.017429,
              14.6833422
            ],
            [
              121.0165946,
              14.6824489
            ],
            [
              121.0149357,
              14.6806614
            ],
            [
              121.0140683,
              14.6797953
            ],
            [
              121.0131841,
              14.6788814
            ],
            [
              121.0122054,
              14.6777848
            ],
            [
              121.0121903,
              14.6777994
            ],
            [
              121.0115253,
              14.6771378
            ],
            [
              121.0109207,
              14.6763958
            ],
            [
              121.0092429,
              14.6746887
            ],
            [
              121.0077593,
              14.6731574
            ],
            [
              121.0051894,
              14.6704107
            ],
            [
              121.003396,
              14.6686213
            ],
            [
              121.0009504,
              14.6659527
            ],
            [
              120.9994231,
              14.6643668
            ],
            [
              120.9993669,
              14.6616667
            ],
            [
              120.9993241,
              14.6583751
            ],
            [
              120.9990699,
              14.6573163
            ],
            [
              121.0015766,
              14.6573474
            ],
            [
              121.0037764,
              14.6573215
            ],
            [
              121.0037228,
              14.6570186
            ],
            [
              121.0031154,
              14.6566821
            ],
            [
              121.0030913,
              14.6565915
            ],
            [
              121.0032385,
              14.6564517
            ],
            [
              121.0032893,
              14.6561842
            ],
            [
              121.0032867,
              14.656078
            ],
            [
              121.0031127,
              14.6558684
            ],
            [
              121.002888,
              14.6557104
            ],
            [
              121.0028344,
              14.6555422
            ],
            [
              121.0029254,
              14.6552703
            ],
            [
              121.0029554,
              14.65517
            ],
            [
              121.0031347,
              14.6550975
            ],
            [
              121.0031936,
              14.6548982
            ],
            [
              121.0035254,
              14.6544012
            ],
            [
              121.0038358,
              14.654264
            ],
            [
              121.0039482,
              14.6541475
            ],
            [
              121.0040525,
              14.6539585
            ],
            [
              121.0039161,
              14.6531197
            ],
            [
              121.0038739,
              14.6529705
            ],
            [
              121.003747,
              14.652655
            ],
            [
              121.0036698,
              14.6523178
            ],
            [
              121.0034557,
              14.6521396
            ],
            [
              121.0034781,
              14.6519999
            ],
            [
              121.0035553,
              14.6518385
            ],
            [
              121.0037271,
              14.6519276
            ],
            [
              121.0039461,
              14.6515543
            ],
            [
              121.0043806,
              14.650757
            ],
            [
              121.0045802,
              14.6502859
            ],
            [
              121.0047172,
              14.6495682
            ],
            [
              121.0046549,
              14.6492792
            ],
            [
              121.0047271,
              14.6489203
            ],
            [
              121.0048715,
              14.6486048
            ],
            [
              121.0049935,
              14.6486096
            ],
            [
              121.0058996,
              14.6488047
            ],
            [
              121.0061461,
              14.6489131
            ],
            [
              121.0063021,
              14.6488807
            ],
            [
              121.0064838,
              14.6485074
            ],
            [
              121.0065187,
              14.6484158
            ],
            [
              121.0067203,
              14.6482641
            ],
            [
              121.0067477,
              14.6481437
            ],
            [
              121.0066282,
              14.6479341
            ],
            [
              121.0069162,
              14.647242
            ],
            [
              121.0071477,
              14.6470975
            ],
            [
              121.0073331,
              14.646893
            ],
            [
              121.0074053,
              14.6467413
            ],
            [
              121.0071514,
              14.6461536
            ],
            [
              121.0065821,
              14.6457579
            ],
            [
              121.0063058,
              14.6453629
            ],
            [
              121.0061141,
              14.645175
            ],
            [
              121.008484,
              14.6455411
            ],
            [
              121.0105488,
              14.6444012
            ],
            [
              121.0110492,
              14.644512
            ],
            [
              121.0116019,
              14.6451551
            ],
            [
              121.0120206,
              14.6458036
            ],
            [
              121.0124339,
              14.6467959
            ],
            [
              121.012282,
              14.6476794
            ],
            [
              121.0121426,
              14.6484814
            ],
            [
              121.0121349,
              14.6490299
            ],
            [
              121.0123589,
              14.6492852
            ],
            [
              121.0128419,
              14.6494033
            ],
            [
              121.0132999,
              14.6495044
            ],
            [
              121.0136659,
              14.6500511
            ],
            [
              121.0142145,
              14.6525441
            ],
            [
              121.0144299,
              14.6538919
            ],
            [
              121.0150112,
              14.6545054
            ],
            [
              121.0150579,
              14.6560438
            ],
            [
              121.0150659,
              14.6562235
            ],
            [
              121.0152632,
              14.6565935
            ],
            [
              121.0153676,
              14.6568134
            ],
            [
              121.0156493,
              14.6570392
            ],
            [
              121.015754,
              14.6572261
            ],
            [
              121.015758,
              14.6573546
            ],
            [
              121.0153635,
              14.6578375
            ],
            [
              121.0151059,
              14.6580517
            ],
            [
              121.0146672,
              14.6589083
            ],
            [
              121.014635,
              14.6591503
            ],
            [
              121.0147759,
              14.6597344
            ],
            [
              121.0150576,
              14.6605326
            ],
            [
              121.0153917,
              14.6611323
            ],
            [
              121.0154603,
              14.6613338
            ],
            [
              121.0149841,
              14.6619375
            ],
            [
              121.0151154,
              14.6623982
            ],
            [
              121.0152386,
              14.6627079
            ],
            [
              121.0152714,
              14.6633513
            ],
            [
              121.0155506,
              14.6635975
            ],
            [
              121.015879,
              14.6637087
            ],
            [
              121.0160514,
              14.6644713
            ],
            [
              121.0162485,
              14.6649875
            ],
            [
              121.0168232,
              14.6654721
            ],
            [
              121.0167417,
              14.6658132
            ],
            [
              121.0163229,
              14.6661388
            ],
            [
              121.0161998,
              14.6665836
            ],
            [
              121.0166431,
              14.6671873
            ],
            [
              121.0171686,
              14.6674335
            ],
            [
              121.0176858,
              14.6679339
            ],
            [
              121.0183882,
              14.6687284
            ],
            [
              121.0190204,
              14.6693082
            ],
            [
              121.0191682,
              14.6697213
            ],
            [
              121.0195869,
              14.6699675
            ],
            [
              121.0197922,
              14.6700072
            ],
            [
              121.0201206,
              14.670031
            ],
            [
              121.0203669,
              14.6699039
            ],
            [
              121.0213439,
              14.6700469
            ],
            [
              121.0221075,
              14.6702137
            ],
            [
              121.0228382,
              14.670595
            ],
            [
              121.0232159,
              14.670873
            ],
            [
              121.0233682,
              14.6713876
            ],
            [
              121.0234408,
              14.6715609
            ],
            [
              121.023469,
              14.6717736
            ],
            [
              121.0235319,
              14.6719194
            ],
            [
              121.0241883,
              14.6722445
            ],
            [
              121.0243736,
              14.6721929
            ],
            [
              121.0245086,
              14.67212
            ],
            [
              121.0246468,
              14.6721412
            ],
            [
              121.0247787,
              14.6723995
            ],
            [
              121.0247734,
              14.6727714
            ],
            [
              121.0248645,
              14.6730996
            ],
            [
              121.0253388,
              14.6735705
            ],
            [
              121.0253765,
              14.6737741
            ],
            [
              121.0254644,
              14.6739381
            ],
            [
              121.0257785,
              14.6738865
            ],
            [
              121.0259104,
              14.6741569
            ],
            [
              121.0279866,
              14.674453
            ],
            [
              121.0283352,
              14.6740277
            ],
            [
              121.0286022,
              14.673818
            ],
            [
              121.0287812,
              14.6736783
            ],
            [
              121.0295067,
              14.6742555
            ],
            [
              121.0299439,
              14.6740631
            ],
            [
              121.0303554,
              14.6740479
            ],
            [
              121.0305061,
              14.6741056
            ],
            [
              121.0306977,
              14.6739659
            ],
            [
              121.0315174,
              14.6744702
            ],
            [
              121.031574,
              14.6746373
            ],
            [
              121.0319948,
              14.6747255
            ],
            [
              121.0328334,
              14.6740297
            ],
            [
              121.0339892,
              14.6737016
            ],
            [
              121.0341494,
              14.6739507
            ],
            [
              121.0348937,
              14.6733157
            ],
            [
              121.035663,
              14.671891
            ],
            [
              121.0369579,
              14.6724609
            ],
            [
              121.0379482,
              14.67279
            ],
            [
              121.0379305,
              14.6727971
            ],
            [
              121.0380015,
              14.6727971
            ],
            [
              121.0381631,
              14.6722215
            ],
            [
              121.0384618,
              14.6720722
            ],
            [
              121.0393408,
              14.6712076
            ],
            [
              121.0397889,
              14.6715179
            ],
            [
              121.0399016,
              14.6724252
            ],
            [
              121.0413685,
              14.6727179
            ],
            [
              121.0416383,
              14.6729367
            ],
            [
              121.0420303,
              14.6730717
            ],
            [
              121.0422919,
              14.6731192
            ],
            [
              121.0425181,
              14.6730796
            ],
            [
              121.042649,
              14.6731113
            ],
            [
              121.0428561,
              14.6732616
            ],
            [
              121.0430605,
              14.6733881
            ],
            [
              121.043472,
              14.6733749
            ],
            [
              121.0432211,
              14.6665393
            ],
            [
              121.0434505,
              14.6652169
            ],
            [
              121.0439273,
              14.6651051
            ],
            [
              121.044079,
              14.6650282
            ],
            [
              121.0442958,
              14.6647696
            ],
            [
              121.0445992,
              14.6648046
            ],
            [
              121.0447581,
              14.6646927
            ],
            [
              121.0448232,
              14.66456
            ],
            [
              121.0447798,
              14.6644202
            ],
            [
              121.0448521,
              14.6641476
            ],
            [
              121.0449749,
              14.6639938
            ],
            [
              121.0450905,
              14.6635046
            ],
            [
              121.0450832,
              14.663211
            ],
            [
              121.0453506,
              14.6629594
            ],
            [
              121.0453217,
              14.6627358
            ],
            [
              121.0449026,
              14.6621696
            ],
            [
              121.0447148,
              14.6618062
            ],
            [
              121.0447654,
              14.6615895
            ],
            [
              121.0473951,
              14.6622186
            ],
            [
              121.0572126,
              14.6620096
            ],
            [
              121.057321,
              14.6620655
            ],
            [
              121.0590187,
              14.6619887
            ],
            [
              121.0606188,
              14.6619537
            ],
            [
              121.0622371,
              14.6618419
            ],
            [
              121.0641588,
              14.6618699
            ],
            [
              121.0642311,
              14.6618559
            ],
            [
              121.0642889,
              14.6619118
            ],
            [
              121.0648163,
              14.6619258
            ],
            [
              121.065228,
              14.6618559
            ],
            [
              121.0659072,
              14.6623661
            ],
            [
              121.0658351,
              14.6623305
            ]
          ]
        ]
      }
    },
    {
      "type": "Feature",
      "id": "ld-2025-1380100000-1",
      "properties": {
        "legislativeDistrictId": "ld-2025-1380100000-1",
        "electionYear": 2025,
        "label": "City of Caloocan — 1st Legislative District",
        "regionCode": "1300000000",
        "regionName": "National Capital Region (NCR)",
        "jurisdictionCode": "1380100000",
        "jurisdictionName": "City of Caloocan",
        "jurisdictionType": "city",
        "localityCodes": [
          "1380100000"
        ],
        "localityNames": [
          "City of Caloocan"
        ],
        "boundaryStatus": "missing",
        "source": null,
        "sourceUrl": null,
        "notes": null
      },
      "geometry": null
    },
    {
      "type": "Feature",
      "id": "ld-2025-1380100000-2",
      "properties": {
        "legislativeDistrictId": "ld-2025-1380100000-2",
        "electionYear": 2025,
        "label": "City of Caloocan — 2nd Legislative District",
        "regionCode": "1300000000",
        "regionName": "National Capital Region (NCR)",
        "jurisdictionCode": "1380100000",
        "jurisdictionName": "City of Caloocan",
        "jurisdictionType": "city",
        "localityCodes": [
          "1380100000"
        ],
        "localityNames": [
          "City of Caloocan"
        ],
        "boundaryStatus": "missing",
        "source": null,
        "sourceUrl": null,
        "notes": null
      },
      "geometry": null
    },
    {
      "type": "Feature",
      "id": "ld-2025-1380100000-3",
      "properties": {
        "legislativeDistrictId": "ld-2025-1380100000-3",
        "electionYear": 2025,
        "label": "City of Caloocan — 3rd Legislative District",
        "regionCode": "1300000000",
        "regionName": "National Capital Region (NCR)",
        "jurisdictionCode": "1380100000",
        "jurisdictionName": "City of Caloocan",
        "jurisdictionType": "city",
        "localityCodes": [
          "1380100000"
        ],
        "localityNames": [
          "City of Caloocan"
        ],
        "boundaryStatus": "missing",
        "source": null,
        "sourceUrl": null,
        "notes": null
      },
      "geometry": null
    },
    {
      "type": "Feature",
      "id": "ld-2025-1380300000-1",
      "properties": {
        "legislativeDistrictId": "ld-2025-1380300000-1",
        "electionYear": 2025,
        "label": "City of Makati — 1st Legislative District",
        "regionCode": "1300000000",
        "regionName": "National Capital Region (NCR)",
        "jurisdictionCode": "1380300000",
        "jurisdictionName": "City of Makati",
        "jurisdictionType": "city",
        "localityCodes": [
          "1380300000"
        ],
        "localityNames": [
          "City of Makati"
        ],
        "boundaryStatus": "missing",
        "source": null,
        "sourceUrl": null,
        "notes": null
      },
      "geometry": null
    },
    {
      "type": "Feature",
      "id": "ld-2025-1380300000-2",
      "properties": {
        "legislativeDistrictId": "ld-2025-1380300000-2",
        "electionYear": 2025,
        "label": "City of Makati — 2nd Legislative District",
        "regionCode": "1300000000",
        "regionName": "National Capital Region (NCR)",
        "jurisdictionCode": "1380300000",
        "jurisdictionName": "City of Makati",
        "jurisdictionType": "city",
        "localityCodes": [
          "1380300000"
        ],
        "localityNames": [
          "City of Makati"
        ],
        "boundaryStatus": "missing",
        "source": null,
        "sourceUrl": null,
        "notes": null
      },
      "geometry": null
    },
    {
      "type": "Feature",
      "id": "ld-2025-1381000000-1",
      "properties": {
        "legislativeDistrictId": "ld-2025-1381000000-1",
        "electionYear": 2025,
        "label": "City of Parañaque — 1st Legislative District",
        "regionCode": "1300000000",
        "regionName": "National Capital Region (NCR)",
        "jurisdictionCode": "1381000000",
        "jurisdictionName": "City of Parañaque",
        "jurisdictionType": "city",
        "localityCodes": [
          "1381000000"
        ],
        "localityNames": [
          "City of Parañaque"
        ],
        "boundaryStatus": "missing",
        "source": null,
        "sourceUrl": null,
        "notes": null
      },
      "geometry": null
    },
    {
      "type": "Feature",
      "id": "ld-2025-1381000000-2",
      "properties": {
        "legislativeDistrictId": "ld-2025-1381000000-2",
        "electionYear": 2025,
        "label": "City of Parañaque — 2nd Legislative District",
        "regionCode": "1300000000",
        "regionName": "National Capital Region (NCR)",
        "jurisdictionCode": "1381000000",
        "jurisdictionName": "City of Parañaque",
        "jurisdictionType": "city",
        "localityCodes": [
          "1381000000"
        ],
        "localityNames": [
          "City of Parañaque"
        ],
        "boundaryStatus": "missing",
        "source": null,
        "sourceUrl": null,
        "notes": null
      },
      "geometry": null
    },
    {
      "type": "Feature",
      "id": "ld-2025-1381600000-1",
      "properties": {
        "legislativeDistrictId": "ld-2025-1381600000-1",
        "electionYear": 2025,
        "label": "City of Valenzuela — 1st Legislative District",
        "regionCode": "1300000000",
        "regionName": "National Capital Region (NCR)",
        "jurisdictionCode": "1381600000",
        "jurisdictionName": "City of Valenzuela",
        "jurisdictionType": "city",
        "localityCodes": [
          "1381600000"
        ],
        "localityNames": [
          "City of Valenzuela"
        ],
        "boundaryStatus": "missing",
        "source": null,
        "sourceUrl": null,
        "notes": null
      },
      "geometry": null
    },
    {
      "type": "Feature",
      "id": "ld-2025-1381600000-2",
      "properties": {
        "legislativeDistrictId": "ld-2025-1381600000-2",
        "electionYear": 2025,
        "label": "City of Valenzuela — 2nd Legislative District",
        "regionCode": "1300000000",
        "regionName": "National Capital Region (NCR)",
        "jurisdictionCode": "1381600000",
        "jurisdictionName": "City of Valenzuela",
        "jurisdictionType": "city",
        "localityCodes": [
          "1381600000"
        ],
        "localityNames": [
          "City of Valenzuela"
        ],
        "boundaryStatus": "missing",
        "source": null,
        "sourceUrl": null,
        "notes": null
      },
      "geometry": null
    },
    {
      "type": "Feature",
      "id": "ld-2025-1380700000-1",
      "properties": {
        "legislativeDistrictId": "ld-2025-1380700000-1",
        "electionYear": 2025,
        "label": "City of Marikina — 1st Legislative District",
        "regionCode": "1300000000",
        "regionName": "National Capital Region (NCR)",
        "jurisdictionCode": "1380700000",
        "jurisdictionName": "City of Marikina",
        "jurisdictionType": "city",
        "localityCodes": [
          "1380700000"
        ],
        "localityNames": [
          "City of Marikina"
        ],
        "boundaryStatus": "missing",
        "source": null,
        "sourceUrl": null,
        "notes": null
      },
      "geometry": null
    },
    {
      "type": "Feature",
      "id": "ld-2025-1380700000-2",
      "properties": {
        "legislativeDistrictId": "ld-2025-1380700000-2",
        "electionYear": 2025,
        "label": "City of Marikina — 2nd Legislative District",
        "regionCode": "1300000000",
        "regionName": "National Capital Region (NCR)",
        "jurisdictionCode": "1380700000",
        "jurisdictionName": "City of Marikina",
        "jurisdictionType": "city",
        "localityCodes": [
          "1380700000"
        ],
        "localityNames": [
          "City of Marikina"
        ],
        "boundaryStatus": "missing",
        "source": null,
        "sourceUrl": null,
        "notes": null
      },
      "geometry": null
    },
    {
      "type": "Feature",
      "id": "ld-2025-taguig-pateros-lone",
      "properties": {
        "legislativeDistrictId": "ld-2025-taguig-pateros-lone",
        "electionYear": 2025,
        "label": "Pateros and Taguig — Lone Legislative District of Pateros and Taguig (1st Councilor District)",
        "regionCode": "1300000000",
        "regionName": "National Capital Region (NCR)",
        "jurisdictionCode": null,
        "jurisdictionName": "Pateros and Taguig",
        "jurisdictionType": "multi-locality",
        "localityCodes": [
          "1381500000",
          "1381701000"
        ],
        "localityNames": [
          "City of Taguig",
          "Pateros"
        ],
        "boundaryStatus": "missing",
        "source": null,
        "sourceUrl": null,
        "notes": null
      },
      "geometry": null
    },
    {
      "type": "Feature",
      "id": "ld-2025-1381500000-lone",
      "properties": {
        "legislativeDistrictId": "ld-2025-1381500000-lone",
        "electionYear": 2025,
        "label": "City of Taguig — Lone Legislative District of Taguig (2nd Councilor District)",
        "regionCode": "1300000000",
        "regionName": "National Capital Region (NCR)",
        "jurisdictionCode": "1381500000",
        "jurisdictionName": "City of Taguig",
        "jurisdictionType": "city",
        "localityCodes": [
          "1381500000"
        ],
        "localityNames": [
          "City of Taguig"
        ],
        "boundaryStatus": "missing",
        "source": null,
        "sourceUrl": null,
        "notes": null
      },
      "geometry": null
    },
    {
      "type": "Feature",
      "id": "ld-2025-0405802000-1",
      "properties": {
        "legislativeDistrictId": "ld-2025-0405802000-1",
        "electionYear": 2025,
        "label": "City of Antipolo — 1st Legislative District",
        "regionCode": "0400000000",
        "regionName": "Region IV-A (CALABARZON)",
        "jurisdictionCode": "0405802000",
        "jurisdictionName": "City of Antipolo",
        "jurisdictionType": "city",
        "localityCodes": [
          "0405802000"
        ],
        "localityNames": [
          "City of Antipolo"
        ],
        "boundaryStatus": "missing",
        "source": null,
        "sourceUrl": null,
        "notes": null
      },
      "geometry": null
    },
    {
      "type": "Feature",
      "id": "ld-2025-0405802000-2",
      "properties": {
        "legislativeDistrictId": "ld-2025-0405802000-2",
        "electionYear": 2025,
        "label": "City of Antipolo — 2nd Legislative District",
        "regionCode": "0400000000",
        "regionName": "Region IV-A (CALABARZON)",
        "jurisdictionCode": "0405802000",
        "jurisdictionName": "City of Antipolo",
        "jurisdictionType": "city",
        "localityCodes": [
          "0405802000"
        ],
        "localityNames": [
          "City of Antipolo"
        ],
        "boundaryStatus": "missing",
        "source": null,
        "sourceUrl": null,
        "notes": null
      },
      "geometry": null
    },
    {
      "type": "Feature",
      "id": "ld-2025-0730600000-1",
      "properties": {
        "legislativeDistrictId": "ld-2025-0730600000-1",
        "electionYear": 2025,
        "label": "City of Cebu — 1st Legislative District",
        "regionCode": "0700000000",
        "regionName": "Region VII (Central Visayas)",
        "jurisdictionCode": "0730600000",
        "jurisdictionName": "City of Cebu",
        "jurisdictionType": "city",
        "localityCodes": [
          "0730600000"
        ],
        "localityNames": [
          "City of Cebu"
        ],
        "boundaryStatus": "missing",
        "source": null,
        "sourceUrl": null,
        "notes": null
      },
      "geometry": null
    },
    {
      "type": "Feature",
      "id": "ld-2025-0730600000-2",
      "properties": {
        "legislativeDistrictId": "ld-2025-0730600000-2",
        "electionYear": 2025,
        "label": "City of Cebu — 2nd Legislative District",
        "regionCode": "0700000000",
        "regionName": "Region VII (Central Visayas)",
        "jurisdictionCode": "0730600000",
        "jurisdictionName": "City of Cebu",
        "jurisdictionType": "city",
        "localityCodes": [
          "0730600000"
        ],
        "localityNames": [
          "City of Cebu"
        ],
        "boundaryStatus": "missing",
        "source": null,
        "sourceUrl": null,
        "notes": null
      },
      "geometry": null
    },
    {
      "type": "Feature",
      "id": "ld-2025-0931700000-1",
      "properties": {
        "legislativeDistrictId": "ld-2025-0931700000-1",
        "electionYear": 2025,
        "label": "City of Zamboanga — 1st Legislative District",
        "regionCode": "0900000000",
        "regionName": "Region IX (Zamboanga Peninsula)",
        "jurisdictionCode": "0931700000",
        "jurisdictionName": "City of Zamboanga",
        "jurisdictionType": "city",
        "localityCodes": [
          "0931700000"
        ],
        "localityNames": [
          "City of Zamboanga"
        ],
        "boundaryStatus": "missing",
        "source": null,
        "sourceUrl": null,
        "notes": null
      },
      "geometry": null
    },
    {
      "type": "Feature",
      "id": "ld-2025-0931700000-2",
      "properties": {
        "legislativeDistrictId": "ld-2025-0931700000-2",
        "electionYear": 2025,
        "label": "City of Zamboanga — 2nd Legislative District",
        "regionCode": "0900000000",
        "regionName": "Region IX (Zamboanga Peninsula)",
        "jurisdictionCode": "0931700000",
        "jurisdictionName": "City of Zamboanga",
        "jurisdictionType": "city",
        "localityCodes": [
          "0931700000"
        ],
        "localityNames": [
          "City of Zamboanga"
        ],
        "boundaryStatus": "missing",
        "source": null,
        "sourceUrl": null,
        "notes": null
      },
      "geometry": null
    },
    {
      "type": "Feature",
      "id": "ld-2025-1030500000-1",
      "properties": {
        "legislativeDistrictId": "ld-2025-1030500000-1",
        "electionYear": 2025,
        "label": "City of Cagayan De Oro — 1st Legislative District",
        "regionCode": "1000000000",
        "regionName": "Region X (Northern Mindanao)",
        "jurisdictionCode": "1030500000",
        "jurisdictionName": "City of Cagayan De Oro",
        "jurisdictionType": "city",
        "localityCodes": [
          "1030500000"
        ],
        "localityNames": [
          "City of Cagayan De Oro"
        ],
        "boundaryStatus": "missing",
        "source": null,
        "sourceUrl": null,
        "notes": null
      },
      "geometry": null
    },
    {
      "type": "Feature",
      "id": "ld-2025-1030500000-2",
      "properties": {
        "legislativeDistrictId": "ld-2025-1030500000-2",
        "electionYear": 2025,
        "label": "City of Cagayan De Oro — 2nd Legislative District",
        "regionCode": "1000000000",
        "regionName": "Region X (Northern Mindanao)",
        "jurisdictionCode": "1030500000",
        "jurisdictionName": "City of Cagayan De Oro",
        "jurisdictionType": "city",
        "localityCodes": [
          "1030500000"
        ],
        "localityNames": [
          "City of Cagayan De Oro"
        ],
        "boundaryStatus": "missing",
        "source": null,
        "sourceUrl": null,
        "notes": null
      },
      "geometry": null
    },
    {
      "type": "Feature",
      "id": "ld-2025-1130700000-1",
      "properties": {
        "legislativeDistrictId": "ld-2025-1130700000-1",
        "electionYear": 2025,
        "label": "City of Davao — 1st Legislative District",
        "regionCode": "1100000000",
        "regionName": "Region XI (Davao Region)",
        "jurisdictionCode": "1130700000",
        "jurisdictionName": "City of Davao",
        "jurisdictionType": "city",
        "localityCodes": [
          "1130700000"
        ],
        "localityNames": [
          "City of Davao"
        ],
        "boundaryStatus": "missing",
        "source": null,
        "sourceUrl": null,
        "notes": null
      },
      "geometry": null
    },
    {
      "type": "Feature",
      "id": "ld-2025-1130700000-2",
      "properties": {
        "legislativeDistrictId": "ld-2025-1130700000-2",
        "electionYear": 2025,
        "label": "City of Davao — 2nd Legislative District",
        "regionCode": "1100000000",
        "regionName": "Region XI (Davao Region)",
        "jurisdictionCode": "1130700000",
        "jurisdictionName": "City of Davao",
        "jurisdictionType": "city",
        "localityCodes": [
          "1130700000"
        ],
        "localityNames": [
          "City of Davao"
        ],
        "boundaryStatus": "missing",
        "source": null,
        "sourceUrl": null,
        "notes": null
      },
      "geometry": null
    },
    {
      "type": "Feature",
      "id": "ld-2025-1130700000-3",
      "properties": {
        "legislativeDistrictId": "ld-2025-1130700000-3",
        "electionYear": 2025,
        "label": "City of Davao — 3rd Legislative District",
        "regionCode": "1100000000",
        "regionName": "Region XI (Davao Region)",
        "jurisdictionCode": "1130700000",
        "jurisdictionName": "City of Davao",
        "jurisdictionType": "city",
        "localityCodes": [
          "1130700000"
        ],
        "localityNames": [
          "City of Davao"
        ],
        "boundaryStatus": "missing",
        "source": null,
        "sourceUrl": null,
        "notes": null
      },
      "geometry": null
    }
  ]
}
